<?xml version="1.0" encoding="UTF-8"?>
<alto xmlns:xsi="http://www.w3.org/2001/XMLSchema-instance"
      xmlns="http://www.loc.gov/standards/alto/ns-v4#"
      xsi:schemaLocation="http://www.loc.gov/standards/alto/ns-v4# http://www.loc.gov/standards/alto/v4/alto-4-2.xsd">
  <Description>
    <MeasurementUnit>pixel</MeasurementUnit>
    <sourceImageInformation>
      <fileName>Epitaphiorum_ac_tumulorum_libellus_quibus_Des_Erasmi_Roterodami_mors_defletur.pdf_page_18.png</fileName>
      
    </sourceImageInformation>
  </Description>
  
  <Tags>
    <OtherTag ID="BT656" LABEL="NumberingZone" DESCRIPTION="block type NumberingZone"/><OtherTag ID="BT657" LABEL="MainZone" DESCRIPTION="block type MainZone"/><OtherTag ID="BT658" LABEL="DropCapitalZone" DESCRIPTION="block type DropCapitalZone"/><OtherTag ID="BT659" LABEL="RunningTitleZone" DESCRIPTION="block type RunningTitleZone"/>
    <OtherTag ID="LT214" LABEL="HeadingLine" DESCRIPTION="line type HeadingLine"/><OtherTag ID="LT215" LABEL="DefaultLine" DESCRIPTION="line type DefaultLine"/><OtherTag ID="LT216" LABEL="DropCapitalLine" DESCRIPTION="line type DropCapitalLine"/>
  </Tags>
  
  <Layout>
    <Page WIDTH="1748"
          HEIGHT="2464"
          PHYSICAL_IMG_NR="5"
          ID="eSc_dummypage_">
      <PrintSpace HPOS="0"
                  VPOS="0"
                  WIDTH="1748"
                  HEIGHT="2464">
        
        <TextBlock HPOS="1133"
                   VPOS="221"
                   WIDTH="80"
                   HEIGHT="47"
                   ID="eSc_textblock_a624c34d"
                   TAGREFS="BT656">
          <Shape><Polygon POINTS="1133 268 1133 221 1205 221 1213 252"/></Shape>
          
          
          <TextLine ID="eSc_line_c6b6051e"
                    TAGREFS="LT215"
                    BASELINE="1129 258 1207 258" 
                    HPOS="1129"
                    VPOS="226"
                    WIDTH="90"
                    HEIGHT="59">
            <Shape><Polygon POINTS="1206 226 1156 232 1144 229 1129 258 1129 273 1148 285 1150 285 1152 285 1154 285 1156 285 1207 271 1207 258 1207 252 1219 248"/></Shape>
	    <String CONTENT="101"
                    HPOS="1129"
                    VPOS="226"
                    WIDTH="90"
                    HEIGHT="59"></String>
          </TextLine>

          
        </TextBlock>
        
        <TextBlock HPOS="57"
                   VPOS="280"
                   WIDTH="1099"
                   HEIGHT="1729"
                   ID="eSc_textblock_06a06d0b"
                   TAGREFS="BT657">
          <Shape><Polygon POINTS="951 287 994 336 1102 343 1102 409 985 416 1000 482 942 558 1000 646 951 689 967 761 909 796 909 835 1057 887 1057 934 1008 952 1000 1059 1049 1166 1033 1386 1074 1607 1156 1642 1140 1681 1010 1698 992 1739 1033 1740 1033 1904 909 1921 916 1934 916 1965 897 1965 897 1990 902 1990 902 2009 868 2002 82 1985 57 295 487 280 487 287"/></Shape>
          
          
          <TextLine ID="eSc_line_798f4b0d"
                    TAGREFS="LT215"
                    BASELINE="503 260 729 256" 
                    HPOS="501"
                    VPOS="209"
                    WIDTH="228"
                    HEIGHT="70">
            <Shape><Polygon POINTS="706 219 686 219 665 217 644 217 624 217 603 215 583 215 562 215 542 213 521 213 519 209 501 209 503 260 503 268 608 279 610 279 714 277 716 277 718 277 729 266 729 256 718 223 706 219"/></Shape>
	    <String CONTENT="ERASMI"
                    HPOS="501"
                    VPOS="209"
                    WIDTH="228"
                    HEIGHT="70"></String>
          </TextLine>

          
          
          <TextLine ID="eSc_line_7556dfe5"
                    TAGREFS="LT215"
                    BASELINE="63 332 957 332" 
                    HPOS="63"
                    VPOS="273"
                    WIDTH="894"
                    HEIGHT="71">
            <Shape><Polygon POINTS="946 287 926 287 905 287 885 287 864 287 844 287 823 287 803 287 782 287 762 287 755 279 544 273 542 273 540 273 499 287 384 287 357 283 351 283 330 285 310 285 289 285 269 287 248 287 228 287 207 289 186 289 166 291 145 291 125 291 104 293 84 293 63 293 63 332 63 342 955 344 957 332 957 297 946 287"/></Shape>
	    <String CONTENT="His tacuit dictis, me rurſum Paulus amœna"
                    HPOS="63"
                    VPOS="273"
                    WIDTH="894"
                    HEIGHT="71"></String>
          </TextLine>

          
          
          <TextLine ID="eSc_line_82f70130"
                    TAGREFS="LT215"
                    BASELINE="63 386 1107 383" 
                    HPOS="61"
                    VPOS="332"
                    WIDTH="1046"
                    HEIGHT="72">
            <Shape><Polygon POINTS="1088 340 1068 340 1064 338 320 334 308 334 287 334 267 334 246 334 225 334 205 334 184 334 164 334 143 334 123 334 102 334 82 334 61 332 63 386 63 404 1105 404 1107 383 1103 340 1088 340"/></Shape>
	    <String CONTENT="Fronte tuens inquit, reliquum nunc accipe paucis."
                    HPOS="61"
                    VPOS="332"
                    WIDTH="1046"
                    HEIGHT="72"></String>
          </TextLine>

          
          
          <TextLine ID="eSc_line_772d7f62"
                    TAGREFS="LT215"
                    BASELINE="65 435 942 439" 
                    HPOS="63"
                    VPOS="386"
                    WIDTH="879"
                    HEIGHT="71">
            <Shape><Polygon POINTS="228 386 207 386 186 386 166 386 145 386 125 386 104 386 84 386 65 386 65 435 63 443 127 455 129 455 219 447 527 457 529 457 940 447 942 439 940 394 240 386 228 386"/></Shape>
	    <String CONTENT="Scis de ſede ſatis cœlo qua quiſ locemur."
                    HPOS="63"
                    VPOS="386"
                    WIDTH="879"
                    HEIGHT="71"></String>
          </TextLine>

          
          
          <TextLine ID="eSc_line_9b196af5"
                    TAGREFS="LT215"
                    BASELINE="65 492 990 492" 
                    HPOS="65"
                    VPOS="443"
                    WIDTH="925"
                    HEIGHT="72">
            <Shape><Polygon POINTS="981 447 65 443 65 492 65 515 990 515 990 492 988 484 981 447"/></Shape>
	    <String CONTENT="Neclateat tamen hic horum te candida ueſtis"
                    HPOS="65"
                    VPOS="443"
                    WIDTH="925"
                    HEIGHT="72"></String>
          </TextLine>

          
          
          <TextLine ID="eSc_line_7ca7490d"
                    TAGREFS="LT215"
                    BASELINE="73 540 890 546" 
                    HPOS="69"
                    VPOS="494"
                    WIDTH="820"
                    HEIGHT="62">
            <Shape><Polygon POINTS="71 537 69 552 885 556 889 544 887 494 71 494 71 537"/></Shape>
	    <String CONTENT="Quod ſit geſtamen precioſi nobile prȩmi"
                    HPOS="69"
                    VPOS="494"
                    WIDTH="820"
                    HEIGHT="62"></String>
          </TextLine>

          
          
          <TextLine ID="eSc_line_d821aa9f"
                    TAGREFS="LT215"
                    BASELINE="73 599 903 595" 
                    HPOS="71"
                    VPOS="554"
                    WIDTH="832"
                    HEIGHT="64">
            <Shape><Polygon POINTS="73 599 73 611 899 618 903 595 899 554 71 554 73 599"/></Shape>
	    <String CONTENT="Quod de ſe uictis per ſemet fortiter ipſos"
                    HPOS="71"
                    VPOS="554"
                    WIDTH="832"
                    HEIGHT="64"></String>
          </TextLine>

          
          
          <TextLine ID="eSc_line_d016e6d2"
                    TAGREFS="LT215"
                    BASELINE="78 652 988 652" 
                    HPOS="78"
                    VPOS="599"
                    WIDTH="910"
                    HEIGHT="70">
            <Shape><Polygon POINTS="981 622 971 607 78 599 78 652 78 663 985 669 988 652 985 646 981 622"/></Shape>
	    <String CONTENT="Victores cum magnifico meruere triumpho."
                    HPOS="78"
                    VPOS="599"
                    WIDTH="910"
                    HEIGHT="70"></String>
          </TextLine>

          
          
          <TextLine ID="eSc_line_fd5af171"
                    TAGREFS="LT215"
                    BASELINE="69 706 846 706" 
                    HPOS="69"
                    VPOS="652"
                    WIDTH="777"
                    HEIGHT="66">
            <Shape><Polygon POINTS="254 655 234 655 213 655 193 655 172 655 152 655 131 655 110 655 90 655 88 652 69 652 69 706 69 718 846 716 846 706 846 661 262 655 254 655"/></Shape>
	    <String CONTENT="Debellare alios &amp; dicere iura ſubactis"
                    HPOS="69"
                    VPOS="652"
                    WIDTH="777"
                    HEIGHT="66"></String>
          </TextLine>

          
          
          <TextLine ID="eSc_line_1aba68ca"
                    TAGREFS="LT215"
                    BASELINE="71 759 955 759" 
                    HPOS="71"
                    VPOS="712"
                    WIDTH="884"
                    HEIGHT="60">
            <Shape><Polygon POINTS="951 712 71 712 71 759 71 770 953 772 955 759 955 722 951 712"/></Shape>
	    <String CONTENT="Humano generi ſummæ eſt uictoria laudis."
                    HPOS="71"
                    VPOS="712"
                    WIDTH="884"
                    HEIGHT="60"></String>
          </TextLine>

          
          
          <TextLine ID="eSc_line_51d584df"
                    TAGREFS="LT215"
                    BASELINE="71 813 864 813" 
                    HPOS="71"
                    VPOS="770"
                    WIDTH="793"
                    HEIGHT="59">
            <Shape><Polygon POINTS="71 813 71 829 864 827 864 813 864 770 71 770 71 813"/></Shape>
	    <String CONTENT="At qui ſe ſibi ſubiecit, motus rebelles"
                    HPOS="71"
                    VPOS="770"
                    WIDTH="793"
                    HEIGHT="59"></String>
          </TextLine>

          
          
          <TextLine ID="eSc_line_43a84d03"
                    TAGREFS="LT215"
                    BASELINE="73 864 893 868" 
                    HPOS="71"
                    VPOS="815"
                    WIDTH="822"
                    HEIGHT="63">
            <Shape><Polygon POINTS="258 815 238 815 217 815 197 815 176 815 156 815 135 815 115 815 94 815 73 815 73 864 71 878 891 878 893 868 891 821 277 815 258 815"/></Shape>
	    <String CONTENT="In ſe perdomuit, uir longè fortior ille eſt,"
                    HPOS="71"
                    VPOS="815"
                    WIDTH="822"
                    HEIGHT="63"></String>
          </TextLine>

          
          
          <TextLine ID="eSc_line_643507ee"
                    TAGREFS="LT215"
                    BASELINE="78 921 1053 915" 
                    HPOS="76"
                    VPOS="864"
                    WIDTH="977"
                    HEIGHT="72">
            <Shape><Polygon POINTS="1020 874 1010 870 877 864 877 868 856 868 836 868 815 868 794 868 774 868 772 868 733 872 720 874 76 874 78 921 78 934 1049 936 1053 915 1041 880 1020 874"/></Shape>
	    <String CONTENT="Quàm ſi cuncta potens &amp; inexpugnabilis idem,"
                    HPOS="76"
                    VPOS="864"
                    WIDTH="977"
                    HEIGHT="72"></String>
          </TextLine>

          
          
          <TextLine ID="eSc_line_4c8eb8f6"
                    TAGREFS="LT215"
                    BASELINE="76 977 932 973" 
                    HPOS="73"
                    VPOS="921"
                    WIDTH="859"
                    HEIGHT="68">
            <Shape><Polygon POINTS="76 977 76 989 930 985 932 973 928 928 73 921 76 977"/></Shape>
	    <String CONTENT="Regna ſuo unius imperio ſubmittat, ubi"
                    HPOS="73"
                    VPOS="921"
                    WIDTH="859"
                    HEIGHT="68"></String>
          </TextLine>

          
          
          <TextLine ID="eSc_line_f0d14257"
                    TAGREFS="LT215"
                    BASELINE="82 1030 1000 1022" 
                    HPOS="80"
                    VPOS="977"
                    WIDTH="920"
                    HEIGHT="64">
            <Shape><Polygon POINTS="992 977 80 979 82 1030 82 1041 1000 1041 1000 1022 996 997 992 977"/></Shape>
	    <String CONTENT="Terrarum dominus, quas Oceanitidos undæ"
                    HPOS="80"
                    VPOS="977"
                    WIDTH="920"
                    HEIGHT="64"></String>
          </TextLine>

          
          
          <TextLine ID="eSc_line_ef07212a"
                    TAGREFS="LT215"
                    BASELINE="76 1084 959 1080" 
                    HPOS="73"
                    VPOS="1028"
                    WIDTH="886"
                    HEIGHT="72">
            <Shape><Polygon POINTS="299 1030 279 1030 258 1030 238 1030 217 1030 197 1030 176 1030 156 1030 135 1030 115 1030 94 1030 92 1028 73 1028 76 1084 76 1100 957 1090 959 1080 955 1034 304 1028 299 1030"/></Shape>
	    <String CONTENT="Stagnantes campi ſinuoſo gurgite cingunt."
                    HPOS="73"
                    VPOS="1028"
                    WIDTH="886"
                    HEIGHT="72"></String>
          </TextLine>

          
          
          <TextLine ID="eSc_line_40309a23"
                    TAGREFS="LT215"
                    BASELINE="76 1135 996 1131" 
                    HPOS="73"
                    VPOS="1088"
                    WIDTH="923"
                    HEIGHT="63">
            <Shape><Polygon POINTS="76 1135 76 1151 994 1141 996 1131 992 1088 73 1088 76 1135"/></Shape>
	    <String CONTENT="Hic noſtris hunc in laribus ſortitur honorem:"
                    HPOS="73"
                    VPOS="1088"
                    WIDTH="923"
                    HEIGHT="63"></String>
          </TextLine>

          
          
          <TextLine ID="eSc_line_64672d44"
                    TAGREFS="LT215"
                    BASELINE="78 1186 1031 1182" 
                    HPOS="76"
                    VPOS="1137"
                    WIDTH="955"
                    HEIGHT="60">
            <Shape><Polygon POINTS="78 1186 78 1197 1029 1192 1031 1182 1024 1137 76 1141 78 1186"/></Shape>
	    <String CONTENT="Quum uaſtatores hominum rerum Tyranni"
                    HPOS="76"
                    VPOS="1137"
                    WIDTH="955"
                    HEIGHT="60"></String>
          </TextLine>

          
          
          <TextLine ID="eSc_line_22132e58"
                    TAGREFS="LT215"
                    BASELINE="80 1240 924 1240" 
                    HPOS="80"
                    VPOS="1186"
                    WIDTH="844"
                    HEIGHT="66">
            <Shape><Polygon POINTS="80 1240 80 1252 924 1252 924 1240 924 1195 80 1186 80 1240"/></Shape>
	    <String CONTENT="Qui uincunt alios, at ſe uincuntur ab ipſis"
                    HPOS="80"
                    VPOS="1186"
                    WIDTH="844"
                    HEIGHT="66"></String>
          </TextLine>

          
          
          <TextLine ID="eSc_line_41346bf0"
                    TAGREFS="LT215"
                    BASELINE="78 1297 1051 1289" 
                    HPOS="76"
                    VPOS="1238"
                    WIDTH="975"
                    HEIGHT="69">
            <Shape><Polygon POINTS="1041 1252 1039 1244 918 1238 918 1242 897 1242 877 1242 856 1242 838 1242 807 1246 803 1246 784 1246 497 1242 486 1242 466 1242 445 1242 425 1242 404 1242 384 1242 363 1242 343 1242 320 1250 316 1252 76 1252 78 1297 78 1307 1051 1307 1051 1289 1047 1246 1041 1244 1041 1252"/></Shape>
	    <String CONTENT="Sub Stygio pendant pœnas tortore perhennes."
                    HPOS="76"
                    VPOS="1238"
                    WIDTH="975"
                    HEIGHT="69"></String>
          </TextLine>

          
          
          <TextLine ID="eSc_line_f2f9403b"
                    TAGREFS="LT215"
                    BASELINE="80 1349 1020 1342" 
                    HPOS="78"
                    VPOS="1293"
                    WIDTH="942"
                    HEIGHT="66">
            <Shape><Polygon POINTS="550 1295 529 1295 509 1295 488 1295 468 1295 447 1295 427 1295 406 1295 386 1295 365 1295 345 1295 334 1295 316 1295 304 1297 283 1297 78 1303 80 1349 80 1359 1018 1357 1020 1342 1016 1299 554 1293 550 1295"/></Shape>
	    <String CONTENT="Sed quod ego ſum purpureo uelamine tectus,"
                    HPOS="78"
                    VPOS="1293"
                    WIDTH="942"
                    HEIGHT="66"></String>
          </TextLine>

          
          
          <TextLine ID="eSc_line_788f8f2c"
                    TAGREFS="LT215"
                    BASELINE="80 1402 940 1396" 
                    HPOS="78"
                    VPOS="1344"
                    WIDTH="862"
                    HEIGHT="68">
            <Shape><Polygon POINTS="817 1344 796 1344 776 1344 755 1344 735 1344 714 1344 694 1346 673 1346 653 1346 632 1346 612 1346 591 1346 571 1346 550 1346 78 1353 80 1402 80 1412 938 1410 940 1396 936 1353 819 1344 817 1344"/></Shape>
	    <String CONTENT="Significat quos effudi pro nomine Chriſti"
                    HPOS="78"
                    VPOS="1344"
                    WIDTH="862"
                    HEIGHT="68"></String>
          </TextLine>

          
          
          <TextLine ID="eSc_line_e253e01d"
                    TAGREFS="LT215"
                    BASELINE="80 1455 1031 1451" 
                    HPOS="78"
                    VPOS="1404"
                    WIDTH="953"
                    HEIGHT="62">
            <Shape><Polygon POINTS="80 1455 80 1466 1029 1461 1031 1451 1027 1404 78 1404 80 1455"/></Shape>
	    <String CONTENT="Sanguineos latices uiolenta morte peremptus,"
                    HPOS="78"
                    VPOS="1404"
                    WIDTH="953"
                    HEIGHT="62"></String>
          </TextLine>

          
          
          <TextLine ID="eSc_line_c1548a34"
                    TAGREFS="LT215"
                    BASELINE="78 1509 1051 1505" 
                    HPOS="76"
                    VPOS="1455"
                    WIDTH="975"
                    HEIGHT="64">
            <Shape><Polygon POINTS="1041 1459 76 1455 78 1509 78 1519 1049 1515 1051 1505 1047 1480 1041 1459"/></Shape>
	    <String CONTENT="Hinc hac ueſte tegor miſſum referente cruorem,"
                    HPOS="76"
                    VPOS="1455"
                    WIDTH="975"
                    HEIGHT="64"></String>
          </TextLine>

          
          
          <TextLine ID="eSc_line_3b2d66a3"
                    TAGREFS="LT215"
                    BASELINE="82 1562 885 1558" 
                    HPOS="80"
                    VPOS="1509"
                    WIDTH="805"
                    HEIGHT="63">
            <Shape><Polygon POINTS="470 1509 449 1509 429 1509 408 1509 388 1509 367 1509 347 1509 326 1509 306 1509 285 1509 264 1509 244 1509 223 1509 203 1509 182 1509 162 1509 141 1509 121 1509 100 1509 80 1509 80 1509 82 1562 82 1572 883 1566 885 1558 881 1513 484 1509 470 1509"/></Shape>
	    <String CONTENT="Quæ ſors ſola meis collegis abfuit iſtis,"
                    HPOS="80"
                    VPOS="1509"
                    WIDTH="805"
                    HEIGHT="63"></String>
          </TextLine>

          
          
          <TextLine ID="eSc_line_4e508609"
                    TAGREFS="LT215"
                    BASELINE="80 1613 1055 1609" 
                    HPOS="78"
                    VPOS="1564"
                    WIDTH="977"
                    HEIGHT="60">
            <Shape><Polygon POINTS="80 1613 80 1624 1055 1624 1055 1609 1049 1564 78 1566 80 1613"/></Shape>
	    <String CONTENT="Dotibus in reliquis nullum diſcrimen habemus."
                    HPOS="78"
                    VPOS="1564"
                    WIDTH="977"
                    HEIGHT="60"></String>
          </TextLine>

          
          
          <TextLine ID="eSc_line_1c0a3458"
                    TAGREFS="LT215"
                    BASELINE="84 1667 1142 1661" 
                    HPOS="82"
                    VPOS="1615"
                    WIDTH="1060"
                    HEIGHT="68">
            <Shape><Polygon POINTS="1129 1632 1109 1624 1098 1618 82 1615 84 1667 84 1683 1140 1683 1142 1661 1131 1632 1129 1632"/></Shape>
	    <String CONTENT="Porrò quum pater omnipotens poſt multa laborum"
                    HPOS="82"
                    VPOS="1615"
                    WIDTH="1060"
                    HEIGHT="68"></String>
          </TextLine>

          
          
          <TextLine ID="eSc_line_00be4a20"
                    TAGREFS="LT215"
                    BASELINE="84 1720 955 1720" 
                    HPOS="84"
                    VPOS="1667"
                    WIDTH="871"
                    HEIGHT="63">
            <Shape><Polygon POINTS="84 1720 84 1730 955 1730 955 1720 955 1671 84 1667 84 1720"/></Shape>
	    <String CONTENT="Pondera ſuſtentata pijs pro rebus Eraſmo,"
                    HPOS="84"
                    VPOS="1667"
                    WIDTH="871"
                    HEIGHT="63"></String>
          </TextLine>

          
          
          <TextLine ID="eSc_line_0381b701"
                    TAGREFS="LT215"
                    BASELINE="90 1774 920 1769" 
                    HPOS="88"
                    VPOS="1722"
                    WIDTH="832"
                    HEIGHT="66">
            <Shape><Polygon POINTS="355 1722 334 1722 314 1722 293 1722 273 1722 252 1722 232 1722 211 1722 191 1722 170 1722 149 1722 129 1722 108 1722 88 1722 90 1774 90 1788 918 1788 920 1769 916 1726 363 1722 355 1722"/></Shape>
	    <String CONTENT="Vnde repurgato redierunt aurea mundo"
                    HPOS="88"
                    VPOS="1722"
                    WIDTH="832"
                    HEIGHT="66"></String>
          </TextLine>

          
          
          <TextLine ID="eSc_line_7754886d"
                    TAGREFS="LT215"
                    BASELINE="86 1827 1009 1820 1011 1819" 
                    HPOS="82"
                    VPOS="1776"
                    WIDTH="928"
                    HEIGHT="63">
            <Shape><Polygon POINTS="84 1825 84 1839 1008 1837 1010 1817 1004 1778 82 1776 84 1825"/></Shape>
	    <String CONTENT="Secula, iam rude donandum cenſeret, &amp; ipſum"
                    HPOS="82"
                    VPOS="1776"
                    WIDTH="928"
                    HEIGHT="63"></String>
          </TextLine>

          
          
          <TextLine ID="eSc_line_76ced15c"
                    TAGREFS="LT215"
                    BASELINE="86 1880 1000 1874" 
                    HPOS="84"
                    VPOS="1831"
                    WIDTH="916"
                    HEIGHT="60">
            <Shape><Polygon POINTS="86 1880 86 1891 1000 1889 1000 1874 996 1833 84 1831 86 1880"/></Shape>
	    <String CONTENT="Cœlitibus ſocium cupientibus addere uellet,"
                    HPOS="84"
                    VPOS="1831"
                    WIDTH="916"
                    HEIGHT="60"></String>
          </TextLine>

          
          
          <TextLine ID="eSc_line_f089e123"
                    TAGREFS="LT215"
                    BASELINE="86 1934 844 1934" 
                    HPOS="86"
                    VPOS="1880"
                    WIDTH="758"
                    HEIGHT="68">
            <Shape><Polygon POINTS="332 1880 312 1880 291 1880 271 1880 250 1880 230 1880 209 1880 188 1880 168 1880 147 1880 127 1880 106 1880 86 1880 86 1934 86 1948 844 1942 844 1934 844 1884 338 1880 332 1880"/></Shape>
	    <String CONTENT="Iuſſit lætitia totum ſe ſoluere cœlum,"
                    HPOS="86"
                    VPOS="1880"
                    WIDTH="758"
                    HEIGHT="68"></String>
          </TextLine>

          
          
          <TextLine ID="eSc_line_da9cfe83"
                    
                    BASELINE="95 1980 889 1985" 
                    HPOS="92"
                    VPOS="1936"
                    WIDTH="795"
                    HEIGHT="84">
            <Shape><Polygon POINTS="94 1979 92 2006 117 2016 119 2016 121 2016 123 2016 149 2006 156 2004 236 2008 435 2016 437 2016 439 2016 449 2012 466 2004 505 2012 536 2018 538 2018 568 2014 601 2008 669 2016 702 2018 704 2018 706 2018 712 2016 741 2006 766 2016 770 2018 772 2018 774 2020 885 2020 887 1983 885 1940 94 1936 94 1979"/></Shape>
	    <String CONTENT="Clarius &amp; ſolito ſolem illucescere more."
                    HPOS="92"
                    VPOS="1936"
                    WIDTH="795"
                    HEIGHT="84"></String>
          </TextLine>

          
          
          <TextLine ID="eSc_line_8080c781"
                    TAGREFS="LT215"
                    BASELINE="916 2045 1213 2041" 
                    HPOS="916"
                    VPOS="1989"
                    WIDTH="297"
                    HEIGHT="86">
            <Shape><Polygon POINTS="1201 2004 1181 1993 1160 1993 1140 1993 1119 1991 1098 1991 1078 1991 1061 1989 1051 2002 1008 1989 1006 1989 1004 1989 1002 1989 1000 1989 985 2002 985 2004 922 2004 916 2020 916 2045 916 2057 994 2057 1004 2065 1010 2069 1012 2069 1014 2069 1016 2069 1018 2069 1020 2069 1027 2065 1037 2059 1053 2067 1074 2075 1076 2075 1078 2075 1080 2075 1094 2069 1113 2059 1211 2073 1213 2041 1211 1999 1201 1993 1201 2004"/></Shape>
	    <String CONTENT="n 3 Vnde"
                    HPOS="916"
                    VPOS="1989"
                    WIDTH="297"
                    HEIGHT="86"></String>
          </TextLine>

          
        </TextBlock>
        
        <TextBlock HPOS="507"
                   VPOS="213"
                   WIDTH="242"
                   HEIGHT="60"
                   ID="eSc_textblock_e237d3c2"
                   TAGREFS="BT659">
          <Shape><Polygon POINTS="509 213 729 221 749 273 507 273"/></Shape>
          
        </TextBlock>
        
        <TextBlock HPOS="913"
                   VPOS="1987"
                   WIDTH="300"
                   HEIGHT="64"
                   ID="eSc_textblock_4fb353a4"
                   TAGREFS="BT656">
          <Shape><Polygon POINTS="916 1998 957 1998 957 1987 1205 1995 1213 2051 920 2051 913 2025 913 1990 916 1990"/></Shape>
          
        </TextBlock>
        

        
      </PrintSpace>
    </Page>
  </Layout>
</alto>
