<?xml version="1.0" encoding="UTF-8"?>
<alto xmlns:xsi="http://www.w3.org/2001/XMLSchema-instance"
      xmlns="http://www.loc.gov/standards/alto/ns-v4#"
      xsi:schemaLocation="http://www.loc.gov/standards/alto/ns-v4# http://www.loc.gov/standards/alto/v4/alto-4-2.xsd">
  <Description>
    <MeasurementUnit>pixel</MeasurementUnit>
    <sourceImageInformation>
      <fileName>Epitaphiorum_ac_tumulorum_libellus_quibus_Des_Erasmi_Roterodami_mors_defletur.pdf_page_26.png</fileName>
      
    </sourceImageInformation>
  </Description>
  
  <Tags>
    <OtherTag ID="BT656" LABEL="NumberingZone" DESCRIPTION="block type NumberingZone"/><OtherTag ID="BT657" LABEL="MainZone" DESCRIPTION="block type MainZone"/><OtherTag ID="BT658" LABEL="DropCapitalZone" DESCRIPTION="block type DropCapitalZone"/><OtherTag ID="BT659" LABEL="RunningTitleZone" DESCRIPTION="block type RunningTitleZone"/>
    <OtherTag ID="LT214" LABEL="HeadingLine" DESCRIPTION="line type HeadingLine"/><OtherTag ID="LT215" LABEL="DefaultLine" DESCRIPTION="line type DefaultLine"/><OtherTag ID="LT216" LABEL="DropCapitalLine" DESCRIPTION="line type DropCapitalLine"/>
  </Tags>
  
  <Layout>
    <Page WIDTH="1748"
          HEIGHT="2464"
          PHYSICAL_IMG_NR="13"
          ID="eSc_dummypage_">
      <PrintSpace HPOS="0"
                  VPOS="0"
                  WIDTH="1748"
                  HEIGHT="2464">
        
        <TextBlock HPOS="1133"
                   VPOS="213"
                   WIDTH="72"
                   HEIGHT="39"
                   ID="eSc_textblock_cdce1b7c"
                   >
          <Shape><Polygon POINTS="1133 213 1189 213 1205 244 1133 252 1133 213"/></Shape>
          
          
          <TextLine ID="eSc_line_c0de6a3a"
                    
                    BASELINE="1129 246 1193 250" 
                    HPOS="1125"
                    VPOS="166"
                    WIDTH="70"
                    HEIGHT="123">
            <Shape><Polygon POINTS="1129 246 1125 283 1129 287 1131 287 1131 289 1133 289 1135 289 1137 289 1189 287 1193 250 1195 182 1131 166 1129 246"/></Shape>
	    <String CONTENT="109"
                    HPOS="1125"
                    VPOS="166"
                    WIDTH="70"
                    HEIGHT="123"></String>
          </TextLine>

          
        </TextBlock>
        
        <TextBlock HPOS="73"
                   VPOS="271"
                   WIDTH="1099"
                   HEIGHT="1246"
                   ID="eSc_textblock_b3cd8b6e"
                   >
          <Shape><Polygon POINTS="1016 425 967 468 967 515 1172 550 1172 605 1068 613 959 739 1074 837 1057 876 985 893 959 952 992 1002 967 1059 983 1123 1049 1199 1057 1361 844 1429 975 1461 967 1517 353 1517 353 1461 681 1420 147 1410 98 1353 131 1264 90 1254 106 960 82 887 106 854 82 780 115 730 82 720 82 665 115 640 82 622 106 533 73 459 115 418 73 400 73 344 115 334 131 279 706 271 1000 279 1016 425"/></Shape>
          
          
          <TextLine ID="eSc_line_cd5ca244"
                    
                    BASELINE="125 334 1000 318" 
                    HPOS="123"
                    VPOS="271"
                    WIDTH="877"
                    HEIGHT="84">
            <Shape><Polygon POINTS="985 277 965 277 944 277 924 277 903 275 883 275 862 275 842 273 821 273 801 273 780 273 760 271 739 271 718 271 698 271 677 271 657 271 636 271 626 271 618 277 542 277 536 273 534 273 513 273 511 273 503 277 495 273 492 273 472 273 456 273 447 279 419 273 410 275 390 275 380 275 375 279 365 275 349 275 328 275 308 275 287 275 267 277 246 277 240 277 228 283 182 277 164 277 143 277 123 299 125 334 125 344 182 355 184 355 238 344 244 342 1000 338 1000 318 998 312 985 277"/></Shape>
	    <String CONTENT="Hunc tibi ſic iunctum pectus habere ſuum."
                    HPOS="123"
                    VPOS="271"
                    WIDTH="877"
                    HEIGHT="84"></String>
          </TextLine>

          
          
          <TextLine ID="eSc_line_d3665218"
                    
                    BASELINE="76 390 858 379" 
                    HPOS="73"
                    VPOS="322"
                    WIDTH="785"
                    HEIGHT="74">
            <Shape><Polygon POINTS="772 324 766 324 708 332 696 334 688 332 659 326 649 326 628 326 626 326 564 332 523 336 501 332 478 328 464 328 443 330 429 330 410 332 353 338 166 334 156 334 135 334 131 332 104 332 94 338 73 340 76 390 76 396 856 388 858 379 854 334 784 322 772 324"/></Shape>
	    <String CONTENT="Forte ſibi nota eſt ſupremæ linea uitæ,"
                    HPOS="73"
                    VPOS="322"
                    WIDTH="785"
                    HEIGHT="74"></String>
          </TextLine>

          
          
          <TextLine ID="eSc_line_8ae9067a"
                    
                    BASELINE="137 439 1002 425" 
                    HPOS="135"
                    VPOS="379"
                    WIDTH="867"
                    HEIGHT="72">
            <Shape><Polygon POINTS="854 381 833 381 813 381 792 381 772 381 751 381 731 381 710 381 690 383 669 383 649 383 628 383 608 383 587 383 566 383 546 383 525 386 505 386 484 386 464 386 443 386 423 386 402 386 382 388 361 388 256 394 201 390 197 390 176 390 156 390 139 390 135 392 137 439 137 451 1000 447 1002 425 998 379 854 379 854 381"/></Shape>
	    <String CONTENT="Quam norunt ſoli quos deus æquus amat."
                    HPOS="135"
                    VPOS="379"
                    WIDTH="867"
                    HEIGHT="72"></String>
          </TextLine>

          
          
          <TextLine ID="eSc_line_e889e787"
                    
                    BASELINE="80 496 932 484" 
                    HPOS="78"
                    VPOS="429"
                    WIDTH="854"
                    HEIGHT="82">
            <Shape><Polygon POINTS="842 429 782 441 696 431 694 431 692 431 638 443 523 433 521 433 519 433 517 433 499 445 451 435 449 435 390 445 375 435 365 437 357 437 314 447 238 439 221 439 211 439 191 449 98 439 96 439 94 439 78 476 80 496 80 511 932 490 932 484 928 441 844 429 842 429"/></Shape>
	    <String CONTENT="Et poſt fata ſuis uult eſſe ſuperſtes amicis,"
                    HPOS="78"
                    VPOS="429"
                    WIDTH="854"
                    HEIGHT="82"></String>
          </TextLine>

          
          
          <TextLine ID="eSc_line_2e8f58a3"
                    
                    BASELINE="131 546 948 537" 
                    HPOS="129"
                    VPOS="494"
                    WIDTH="819"
                    HEIGHT="66">
            <Shape><Polygon POINTS="211 496 191 496 170 496 149 496 129 496 131 546 131 560 946 556 948 537 942 494 213 494 211 496"/></Shape>
	    <String CONTENT="Exempli monitus non ſine more grauis."
                    HPOS="129"
                    VPOS="494"
                    WIDTH="819"
                    HEIGHT="66"></String>
          </TextLine>

          
          
          <TextLine ID="eSc_line_612549a6"
                    
                    BASELINE="94 599 1166 589" 
                    HPOS="92"
                    VPOS="531"
                    WIDTH="1074"
                    HEIGHT="93">
            <Shape><Polygon POINTS="1160 548 1140 544 1119 540 1098 537 1078 533 1068 531 959 531 957 531 934 535 934 540 914 540 893 544 866 540 852 540 831 540 817 540 811 546 731 546 532 542 523 544 503 544 482 544 462 544 441 544 421 544 400 544 380 544 359 544 338 544 318 546 297 546 289 546 285 550 211 546 195 546 174 546 154 546 133 546 131 540 102 540 100 540 92 576 94 599 94 624 145 624 145 622 147 622 149 622 149 620 162 609 209 620 221 622 223 624 289 624 289 622 291 622 293 622 297 618 312 609 398 616 468 620 470 620 525 611 577 605 688 607 938 616 940 616 1008 601 1146 613 1148 613 1150 613 1152 613 1152 611 1166 597 1166 589 1164 548 1160 548"/></Shape>
	    <String CONTENT="Quid ſcyphus ? An non abſentis præſentia Chriſti eſt,"
                    HPOS="92"
                    VPOS="531"
                    WIDTH="1074"
                    HEIGHT="93"></String>
          </TextLine>

          
          
          <TextLine ID="eSc_line_183a03e1"
                    
                    BASELINE="139 655 1016 640" 
                    HPOS="137"
                    VPOS="593"
                    WIDTH="879"
                    HEIGHT="80">
            <Shape><Polygon POINTS="139 655 139 663 207 673 209 673 264 663 273 661 1016 659 1016 640 1010 593 137 599 139 655"/></Shape>
	    <String CONTENT="Quem ſacræ cœnæ myſticus haurit homo ?"
                    HPOS="137"
                    VPOS="593"
                    WIDTH="879"
                    HEIGHT="80"></String>
          </TextLine>

          
          
          <TextLine ID="eSc_line_ff374d73"
                    
                    BASELINE="82 708 963 696" 
                    HPOS="82"
                    VPOS="642"
                    WIDTH="881"
                    HEIGHT="86">
            <Shape><Polygon POINTS="922 642 914 642 885 652 764 644 757 646 737 646 716 646 696 646 692 646 665 657 655 646 634 648 628 648 599 657 495 650 490 650 470 650 449 650 429 650 408 650 400 650 363 659 293 652 285 652 264 652 244 655 232 655 219 663 215 665 94 665 82 708 84 728 108 718 382 722 511 722 513 722 961 706 963 696 961 655 930 642 922 642"/></Shape>
	    <String CONTENT="Forſan &amp; hæc miſſi quo ſignificatio uaſis"
                    HPOS="82"
                    VPOS="642"
                    WIDTH="881"
                    HEIGHT="86"></String>
          </TextLine>

          
          
          <TextLine ID="eSc_line_b786fa65"
                    
                    BASELINE="143 759 903 753" 
                    HPOS="141"
                    VPOS="704"
                    WIDTH="762"
                    HEIGHT="66">
            <Shape><Polygon POINTS="143 759 143 770 901 765 903 753 897 704 141 708 143 759"/></Shape>
	    <String CONTENT="Quæ mihi nequa prætereunda fuit."
                    HPOS="141"
                    VPOS="704"
                    WIDTH="762"
                    HEIGHT="66"></String>
          </TextLine>

          
          
          <TextLine ID="eSc_line_c22bbda0"
                    
                    BASELINE="86 813 1002 804" 
                    HPOS="84"
                    VPOS="755"
                    WIDTH="918"
                    HEIGHT="74">
            <Shape><Polygon POINTS="988 765 983 761 844 755 844 755 823 755 803 755 782 755 762 755 760 755 751 763 640 763 628 757 618 757 603 757 595 763 577 757 556 757 544 757 513 767 373 767 332 759 330 759 310 759 289 759 252 767 104 757 102 757 100 757 98 757 84 798 86 813 86 829 1000 821 1002 804 996 774 988 765"/></Shape>
	    <String CONTENT="Ceu uas Harmonia διὰ πασω̃ν reddit eadem"
                    HPOS="84"
                    VPOS="755"
                    WIDTH="918"
                    HEIGHT="74"></String>
          </TextLine>

          
          
          <TextLine ID="eSc_line_89650a23"
                    
                    BASELINE="143 868 1061 858" 
                    HPOS="141"
                    VPOS="809"
                    WIDTH="920"
                    HEIGHT="69">
            <Shape><Polygon POINTS="1045 815 1041 811 540 809 532 811 511 811 490 811 470 811 449 811 429 811 408 811 388 811 367 811 347 811 326 811 312 811 304 819 195 813 182 813 162 813 149 813 141 817 143 868 143 878 1059 874 1061 858 1059 854 1045 815"/></Shape>
	    <String CONTENT="Cum pulſum plenum, pulſum &amp; inane ſonat."
                    HPOS="141"
                    VPOS="809"
                    WIDTH="920"
                    HEIGHT="69"></String>
          </TextLine>

          
          
          <TextLine ID="eSc_line_3a5b71cd"
                    
                    BASELINE="88 921 938 915" 
                    HPOS="88"
                    VPOS="862"
                    WIDTH="850"
                    HEIGHT="76">
            <Shape><Polygon POINTS="723 862 702 862 681 864 663 864 640 870 638 870 626 870 497 864 497 866 476 866 456 866 435 866 414 866 394 866 373 866 353 866 332 866 312 868 291 868 271 868 250 868 230 868 228 868 94 872 88 905 88 921 88 938 936 934 938 915 934 870 733 862 723 862"/></Shape>
	    <String CONTENT="Nempe ſoni ſunt diuerſi tenuis grauis"
                    HPOS="88"
                    VPOS="862"
                    WIDTH="850"
                    HEIGHT="76"></String>
          </TextLine>

          
          
          <TextLine ID="eSc_line_255bb9c7"
                    
                    BASELINE="143 975 918 967" 
                    HPOS="141"
                    VPOS="919"
                    WIDTH="777"
                    HEIGHT="66">
            <Shape><Polygon POINTS="532 919 511 919 490 919 470 919 449 919 429 919 408 919 388 919 367 921 347 921 332 921 314 928 197 921 182 921 162 921 147 921 141 926 143 975 143 985 916 979 918 967 914 924 536 919 532 919"/></Shape>
	    <String CONTENT="Aures concentu uox tamen una ferit."
                    HPOS="141"
                    VPOS="919"
                    WIDTH="777"
                    HEIGHT="66"></String>
          </TextLine>

          
          
          <TextLine ID="eSc_line_676b6ade"
                    
                    BASELINE="88 1028 977 1022" 
                    HPOS="86"
                    VPOS="971"
                    WIDTH="891"
                    HEIGHT="70">
            <Shape><Polygon POINTS="969 975 967 971 527 971 517 973 497 973 476 973 456 973 435 973 414 973 394 973 373 973 353 973 332 975 312 975 291 975 271 975 250 975 230 975 209 975 188 975 168 975 147 975 145 971 96 971 94 971 92 971 90 971 90 973 88 973 86 973 88 1028 88 1041 977 1032 977 1022 973 981 969 975"/></Shape>
	    <String CONTENT="Sic duo uos unus, tu pauper egens, ſerena"
                    HPOS="86"
                    VPOS="971"
                    WIDTH="891"
                    HEIGHT="70"></String>
          </TextLine>

          
          
          <TextLine ID="eSc_line_daa83e79"
                    
                    BASELINE="147 1082 936 1073" 
                    HPOS="145"
                    VPOS="1024"
                    WIDTH="791"
                    HEIGHT="68">
            <Shape><Polygon POINTS="864 1024 844 1024 823 1024 803 1024 782 1024 731 1030 718 1032 145 1032 147 1082 147 1092 934 1086 936 1073 932 1030 864 1024 864 1024"/></Shape>
	    <String CONTENT="Ille tibi, potuit quod dare, fronte dedit."
                    HPOS="145"
                    VPOS="1024"
                    WIDTH="791"
                    HEIGHT="68"></String>
          </TextLine>

          
          
          <TextLine ID="eSc_line_f15a3811"
                    
                    BASELINE="98 1135 959 1129" 
                    HPOS="96"
                    VPOS="1073"
                    WIDTH="863"
                    HEIGHT="70">
            <Shape><Polygon POINTS="918 1075 897 1075 877 1075 856 1075 836 1075 815 1075 809 1075 743 1075 733 1078 712 1078 692 1078 671 1078 665 1078 527 1078 527 1080 523 1080 100 1084 96 1108 98 1135 98 1143 957 1141 959 1129 953 1073 918 1073 918 1075"/></Shape>
	    <String CONTENT="Vnit enim nil diuerſæ mage ſortis amicos,"
                    HPOS="96"
                    VPOS="1073"
                    WIDTH="863"
                    HEIGHT="70"></String>
          </TextLine>

          
          
          <TextLine ID="eSc_line_c13f41d8"
                    
                    BASELINE="156 1186 998 1180" 
                    HPOS="154"
                    VPOS="1131"
                    WIDTH="844"
                    HEIGHT="64">
            <Shape><Polygon POINTS="992 1135 825 1131 811 1131 790 1131 770 1131 749 1131 729 1131 708 1131 688 1131 667 1133 647 1133 626 1133 605 1133 585 1133 566 1133 421 1139 291 1135 277 1135 256 1135 236 1135 215 1135 195 1135 174 1135 154 1135 154 1135 156 1186 156 1195 996 1190 998 1180 994 1137 992 1135"/></Shape>
	    <String CONTENT="Quàm ſi qui potior det, quibus alter eget."
                    HPOS="154"
                    VPOS="1131"
                    WIDTH="844"
                    HEIGHT="64"></String>
          </TextLine>

          
          
          <TextLine ID="eSc_line_251cde33"
                    
                    BASELINE="90 1242 1041 1236" 
                    HPOS="88"
                    VPOS="1182"
                    WIDTH="953"
                    HEIGHT="70">
            <Shape><Polygon POINTS="807 1182 786 1182 766 1182 747 1182 720 1190 716 1192 88 1192 90 1242 90 1252 1041 1252 1041 1236 1037 1190 815 1182 807 1182"/></Shape>
	    <String CONTENT="Hinc cyathus ſeu ſit uacuus ſeu uite redundans"
                    HPOS="88"
                    VPOS="1182"
                    WIDTH="953"
                    HEIGHT="70"></String>
          </TextLine>

          
          
          <TextLine ID="eSc_line_df323cba"
                    
                    BASELINE="149 1293 909 1287" 
                    HPOS="147"
                    VPOS="1242"
                    WIDTH="762"
                    HEIGHT="61">
            <Shape><Polygon POINTS="149 1293 149 1303 907 1297 909 1287 905 1244 147 1242 149 1293"/></Shape>
	    <String CONTENT="Eſſe duos unum uos meminiſſe uelis."
                    HPOS="147"
                    VPOS="1242"
                    WIDTH="762"
                    HEIGHT="61"></String>
          </TextLine>

          
          
          <TextLine ID="eSc_line_4edad74f"
                    
                    BASELINE="104 1344 1051 1340" 
                    HPOS="104"
                    VPOS="1287"
                    WIDTH="947"
                    HEIGHT="78">
            <Shape><Polygon POINTS="903 1289 883 1289 881 1289 225 1297 217 1297 188 1293 184 1293 164 1293 162 1289 145 1287 143 1287 141 1287 117 1293 104 1328 104 1344 104 1365 174 1357 1049 1357 1051 1340 1045 1287 903 1287 903 1289"/></Shape>
	    <String CONTENT="Quid quæris Volſi ? Sua ſunt myſteria Eraſmo:"
                    HPOS="104"
                    VPOS="1287"
                    WIDTH="947"
                    HEIGHT="78"></String>
          </TextLine>

          
          
          <TextLine ID="eSc_line_f933dde0"
                    
                    BASELINE="147 1402 918 1396" 
                    HPOS="145"
                    VPOS="1344"
                    WIDTH="773"
                    HEIGHT="85">
            <Shape><Polygon POINTS="158 1344 156 1344 154 1344 145 1351 147 1402 149 1429 205 1414 248 1427 256 1429 258 1429 260 1429 262 1429 273 1427 310 1414 330 1425 332 1425 334 1425 336 1425 349 1422 410 1414 419 1420 421 1422 421 1425 423 1425 425 1425 427 1425 456 1420 480 1416 484 1420 490 1425 490 1427 492 1427 495 1427 497 1429 564 1429 564 1427 566 1427 568 1427 568 1425 579 1416 585 1412 599 1416 626 1422 628 1422 630 1422 696 1412 706 1412 708 1412 718 1422 718 1425 720 1425 723 1425 725 1425 727 1425 729 1425 749 1412 751 1410 770 1410 875 1420 877 1420 879 1420 918 1406 918 1396 914 1351 160 1344 158 1344"/></Shape>
	    <String CONTENT="Nam niſi cum magna nil ratione facit."
                    HPOS="145"
                    VPOS="1344"
                    WIDTH="773"
                    HEIGHT="85"></String>
          </TextLine>

          
          
          <TextLine ID="eSc_line_ff91993a"
                    
                    BASELINE="349 1507 971 1500" 
                    HPOS="349"
                    VPOS="1443"
                    WIDTH="622"
                    HEIGHT="80">
            <Shape><Polygon POINTS="963 1457 946 1453 762 1443 760 1443 365 1457 349 1507 349 1523 971 1521 971 1500 969 1488 963 1457"/></Shape>
	    <String CONTENT="ANNO M. D. XXXVI."
                    HPOS="349"
                    VPOS="1443"
                    WIDTH="622"
                    HEIGHT="80"></String>
          </TextLine>

          
        </TextBlock>
        
        <TextBlock HPOS="98"
                   VPOS="1609"
                   WIDTH="1148"
                   HEIGHT="442"
                   ID="eSc_textblock_021935a2"
                   >
          <Shape><Polygon POINTS="967 1749 1074 1806 1074 1862 1066 1895 961 1919 926 1969 1246 1979 1238 2051 920 2051 852 2010 156 2010 98 1944 106 1790 320 1763 310 1706 164 1681 172 1626 936 1609 1156 1618 1172 1673 1035 1689 967 1749"/></Shape>
          
          
          <TextLine ID="eSc_line_cc7e45de"
                    
                    BASELINE="162 1673 1162 1659" 
                    HPOS="162"
                    VPOS="1609"
                    WIDTH="1000"
                    HEIGHT="70">
            <Shape><Polygon POINTS="1146 1615 1125 1615 1105 1615 1084 1613 1064 1613 1053 1613 1043 1613 1022 1611 1002 1611 981 1609 961 1609 948 1609 930 1615 901 1609 899 1609 879 1609 858 1609 838 1609 817 1611 801 1611 747 1618 679 1613 673 1613 653 1613 632 1615 612 1615 593 1615 583 1620 571 1615 571 1615 550 1618 529 1618 509 1618 505 1618 482 1622 470 1618 468 1618 447 1620 427 1620 410 1620 398 1624 396 1624 394 1624 367 1620 365 1620 345 1622 324 1622 304 1622 289 1622 281 1626 279 1626 275 1626 262 1622 262 1624 242 1624 221 1624 201 1624 180 1624 178 1624 162 1657 162 1673 162 1679 1162 1667 1162 1659 1158 1646 1146 1615"/></Shape>
	    <String CONTENT="DE MORTE ERASMI ROT. AD AN/"
                    HPOS="162"
                    VPOS="1609"
                    WIDTH="1000"
                    HEIGHT="70"></String>
          </TextLine>

          
          
          <TextLine ID="eSc_line_519fa569"
                    
                    BASELINE="322 1722 1002 1716" 
                    HPOS="320"
                    VPOS="1663"
                    WIDTH="682"
                    HEIGHT="74">
            <Shape><Polygon POINTS="998 1712 979 1669 905 1663 895 1663 875 1665 854 1665 833 1665 813 1665 811 1665 799 1669 770 1665 751 1665 731 1667 710 1667 690 1667 669 1667 640 1671 589 1667 587 1669 566 1669 546 1669 525 1669 505 1669 484 1669 464 1669 443 1671 435 1671 433 1673 419 1671 402 1671 382 1671 361 1671 340 1671 326 1671 320 1673 322 1722 322 1733 965 1737 967 1737 969 1737 1002 1724 1002 1716 1000 1710 998 1712"/></Shape>
	    <String CONTENT="dream Critium Archiepiſcopum"
                    HPOS="320"
                    VPOS="1663"
                    WIDTH="682"
                    HEIGHT="74"></String>
          </TextLine>

          
          
          <TextLine ID="eSc_line_feaac8a2"
                    
                    BASELINE="515 1774 811 1774" 
                    HPOS="515"
                    VPOS="1728"
                    WIDTH="296"
                    HEIGHT="58">
            <Shape><Polygon POINTS="515 1774 515 1786 811 1784 811 1774 811 1728 515 1728 515 1774"/></Shape>
	    <String CONTENT="Gneſnenſem."
                    HPOS="515"
                    VPOS="1728"
                    WIDTH="296"
                    HEIGHT="58"></String>
          </TextLine>

          
          
          <TextLine ID="eSc_line_fed7e722"
                    
                    BASELINE="110 1837 1061 1825" 
                    HPOS="108"
                    VPOS="1765"
                    WIDTH="953"
                    HEIGHT="78">
            <Shape><Polygon POINTS="1033 1786 1012 1774 922 1765 920 1765 858 1776 809 1767 807 1776 786 1776 766 1776 753 1776 743 1778 739 1778 733 1778 712 1776 704 1776 684 1776 663 1776 642 1776 622 1776 601 1776 581 1776 560 1776 540 1776 519 1776 517 1772 137 1784 129 1786 108 1788 110 1837 110 1843 1061 1839 1061 1825 1043 1790 1033 1786"/></Shape>
	    <String CONTENT="Tempore Sarmatici quo regis in urbe Sabinus,"
                    HPOS="108"
                    VPOS="1765"
                    WIDTH="953"
                    HEIGHT="78"></String>
          </TextLine>

          
          
          <TextLine ID="eSc_line_4d1b4a64"
                    
                    BASELINE="160 1887 1057 1878" 
                    HPOS="158"
                    VPOS="1829"
                    WIDTH="899"
                    HEIGHT="66">
            <Shape><Polygon POINTS="733 1831 712 1831 692 1831 671 1831 651 1831 630 1831 610 1831 589 1831 568 1833 548 1833 527 1833 507 1833 486 1833 466 1833 445 1833 425 1835 404 1835 384 1835 367 1835 367 1837 320 1835 301 1835 281 1835 260 1837 240 1837 219 1837 199 1837 178 1837 158 1837 158 1837 160 1887 160 1893 1055 1895 1057 1878 1053 1833 739 1829 733 1831"/></Shape>
	    <String CONTENT="Quæ tenet à Graccho condita nomen, eram:"
                    HPOS="158"
                    VPOS="1829"
                    WIDTH="899"
                    HEIGHT="66"></String>
          </TextLine>

          
          
          <TextLine ID="eSc_line_4a0227d1"
                    
                    BASELINE="102 1942 916 1934" 
                    HPOS="100"
                    VPOS="1880"
                    WIDTH="816"
                    HEIGHT="76">
            <Shape><Polygon POINTS="901 1880 881 1880 860 1880 840 1880 819 1882 799 1882 778 1882 757 1882 737 1882 716 1882 696 1882 675 1882 655 1882 638 1882 608 1882 593 1884 573 1884 552 1884 532 1884 511 1884 503 1884 100 1889 102 1942 102 1956 916 1950 916 1934 909 1880 901 1880"/></Shape>
	    <String CONTENT="Eſt ubi iucundæ mihi conſuetudinis uſu"
                    HPOS="100"
                    VPOS="1880"
                    WIDTH="816"
                    HEIGHT="76"></String>
          </TextLine>

          
          
          <TextLine ID="eSc_line_b8ede076"
                    
                    BASELINE="156 1997 829 1989" 
                    HPOS="154"
                    VPOS="1936"
                    WIDTH="675"
                    HEIGHT="105">
            <Shape><Polygon POINTS="708 1938 688 1938 154 1944 156 1997 156 2041 238 2041 238 2038 240 2038 242 2038 242 2036 244 2036 267 2014 308 2014 326 2028 326 2030 328 2030 330 2030 332 2030 334 2030 355 2020 367 2030 373 2036 375 2036 377 2036 380 2036 382 2036 410 2028 427 2024 433 2028 445 2036 447 2036 449 2036 451 2036 453 2036 501 2024 511 2022 515 2024 538 2034 540 2034 542 2034 544 2034 546 2034 566 2022 573 2018 599 2020 624 2022 626 2022 628 2022 638 2018 667 2008 774 2008 782 2012 792 2022 794 2022 796 2022 799 2022 801 2022 829 2010 829 1989 823 1936 710 1936 708 1938"/></Shape>
	    <String CONTENT="Ianua noticæ præſul aperta tuæ,"
                    HPOS="154"
                    VPOS="1936"
                    WIDTH="675"
                    HEIGHT="105"></String>
          </TextLine>

          
          
          <TextLine ID="eSc_line_79a488be"
                    
                    BASELINE="918 2043 1232 2038" 
                    HPOS="916"
                    VPOS="1975"
                    WIDTH="316"
                    HEIGHT="100">
            <Shape><Polygon POINTS="1224 1977 1209 1977 1172 1989 1107 1979 1076 1975 1074 1975 1029 1977 1027 1977 1024 1977 1024 1979 1016 1985 1006 1993 916 1991 918 2043 918 2075 985 2067 1049 2071 1117 2075 1119 2075 1121 2075 1123 2075 1123 2073 1131 2067 1133 2065 1144 2065 1211 2073 1213 2073 1216 2073 1218 2073 1232 2063 1232 2038 1224 1977 1224 1977"/></Shape>
	    <String CONTENT="o 3 Blanda"
                    HPOS="916"
                    VPOS="1975"
                    WIDTH="316"
                    HEIGHT="100"></String>
          </TextLine>

          
        </TextBlock>
        

        
      </PrintSpace>
    </Page>
  </Layout>
</alto>
