<?xml version="1.0" encoding="UTF-8"?>
<alto xmlns:xsi="http://www.w3.org/2001/XMLSchema-instance"
      xmlns="http://www.loc.gov/standards/alto/ns-v4#"
      xsi:schemaLocation="http://www.loc.gov/standards/alto/ns-v4# http://www.loc.gov/standards/alto/v4/alto-4-2.xsd">
  <Description>
    <MeasurementUnit>pixel</MeasurementUnit>
    <sourceImageInformation>
      <fileName>Epitaphiorum_ac_tumulorum_libellus_quibus_Des_Erasmi_Roterodami_mors_defletur.pdf_page_22.png</fileName>
      
    </sourceImageInformation>
  </Description>
  
  <Tags>
    <OtherTag ID="BT656" LABEL="NumberingZone" DESCRIPTION="block type NumberingZone"/><OtherTag ID="BT657" LABEL="MainZone" DESCRIPTION="block type MainZone"/><OtherTag ID="BT658" LABEL="DropCapitalZone" DESCRIPTION="block type DropCapitalZone"/><OtherTag ID="BT659" LABEL="RunningTitleZone" DESCRIPTION="block type RunningTitleZone"/>
    <OtherTag ID="LT214" LABEL="HeadingLine" DESCRIPTION="line type HeadingLine"/><OtherTag ID="LT215" LABEL="DefaultLine" DESCRIPTION="line type DefaultLine"/><OtherTag ID="LT216" LABEL="DropCapitalLine" DESCRIPTION="line type DropCapitalLine"/>
  </Tags>
  
  <Layout>
    <Page WIDTH="1748"
          HEIGHT="2464"
          PHYSICAL_IMG_NR="9"
          ID="eSc_dummypage_">
      <PrintSpace HPOS="0"
                  VPOS="0"
                  WIDTH="1748"
                  HEIGHT="2464">
        
        <TextBlock HPOS="1142"
                   VPOS="205"
                   WIDTH="80"
                   HEIGHT="55"
                   ID="eSc_textblock_fd03c45a"
                   TAGREFS="BT656">
          <Shape><Polygon POINTS="1142 260 1142 205 1213 213 1222 244"/></Shape>
          
          
          <TextLine ID="eSc_line_1b53c76d"
                    TAGREFS="LT215"
                    BASELINE="1133 246 1204 248 1207 248" 
                    HPOS="1129"
                    VPOS="199"
                    WIDTH="76"
                    HEIGHT="84">
            <Shape><Polygon POINTS="1191 244 1172 209 1156 205 1152 205 1150 203 1131 199 1131 244 1129 281 1201 283 1205 246 1203 242 1191 244"/></Shape>
	    <String CONTENT="105"
                    HPOS="1129"
                    VPOS="199"
                    WIDTH="76"
                    HEIGHT="84"></String>
          </TextLine>

          
        </TextBlock>
        
        <TextBlock HPOS="65"
                   VPOS="271"
                   WIDTH="1050"
                   HEIGHT="1735"
                   ID="eSc_textblock_142c6c0f"
                   TAGREFS="BT657">
          <Shape><Polygon POINTS="912 369 1041 394 1041 441 975 476 959 581 1074 616 1000 794 1033 804 1033 917 1082 993 1074 1032 1016 1059 1033 1139 1098 1229 944 1279 934 1336 1002 1445 1115 1478 1107 1525 975 1601 975 1657 1107 1798 1107 1845 1041 1872 1041 1960 992 1960 992 1968 981 1968 981 2006 959 2002 205 2002 82 1977 65 295 476 271 476 273 886 273"/></Shape>
          
          
          <TextLine ID="eSc_line_2d87faa3"
                    TAGREFS="LT215"
                    BASELINE="492 254 723 248" 
                    HPOS="492"
                    VPOS="205"
                    WIDTH="231"
                    HEIGHT="78">
            <Shape><Polygon POINTS="716 211 696 211 675 211 655 209 634 209 614 207 593 207 573 207 552 205 532 205 519 205 509 205 495 234 492 254 492 268 642 283 644 283 723 266 723 248 718 211 716 211"/></Shape>
	    <String CONTENT="ERASMI"
                    HPOS="492"
                    VPOS="205"
                    WIDTH="231"
                    HEIGHT="78"></String>
          </TextLine>

          
          
          <TextLine ID="eSc_line_eb5d5be6"
                    TAGREFS="LT215"
                    BASELINE="76 328 889 324" 
                    HPOS="73"
                    VPOS="264"
                    WIDTH="816"
                    HEIGHT="74">
            <Shape><Polygon POINTS="877 275 866 271 854 271 833 271 813 271 792 271 772 271 751 271 743 264 725 264 723 264 720 264 718 264 704 277 620 268 618 268 616 268 587 279 568 264 566 264 564 264 505 264 503 264 501 264 458 281 439 273 423 273 402 275 398 275 384 281 367 275 361 277 340 277 320 279 299 281 279 281 258 283 238 283 217 285 197 287 176 287 156 289 135 289 115 291 94 293 73 293 76 328 76 338 887 334 889 324 887 295 877 275"/></Shape>
	    <String CONTENT="Vox, celer &amp; geſtus &amp; inenarrabilis illa"
                    HPOS="73"
                    VPOS="264"
                    WIDTH="816"
                    HEIGHT="74"></String>
          </TextLine>

          
          
          <TextLine ID="eSc_line_13dd7739"
                    TAGREFS="LT215"
                    BASELINE="73 383 891 375" 
                    HPOS="71"
                    VPOS="326"
                    WIDTH="820"
                    HEIGHT="74">
            <Shape><Polygon POINTS="770 326 749 326 729 326 708 326 698 326 681 332 679 332 663 332 534 326 523 326 503 326 482 326 480 326 472 334 468 336 71 336 73 383 73 400 889 386 891 375 887 332 782 326 770 326"/></Shape>
	    <String CONTENT="Admirandarum ſpecies &amp; gratia rerum"
                    HPOS="71"
                    VPOS="326"
                    WIDTH="820"
                    HEIGHT="74"></String>
          </TextLine>

          
          
          <TextLine ID="eSc_line_500ab0d9"
                    TAGREFS="LT215"
                    BASELINE="73 437 1037 433" 
                    HPOS="71"
                    VPOS="377"
                    WIDTH="966"
                    HEIGHT="76">
            <Shape><Polygon POINTS="996 386 975 381 957 377 768 388 757 379 757 377 755 377 753 377 749 377 729 377 708 377 688 377 667 379 642 388 612 379 605 379 587 379 523 390 256 381 256 383 236 383 215 383 195 383 174 383 154 383 133 383 112 383 92 383 71 383 71 383 73 437 73 453 1035 447 1037 433 1016 390 996 386"/></Shape>
	    <String CONTENT="Me ſomno excutiunt, oculis uigil omnia luſtro."
                    HPOS="71"
                    VPOS="377"
                    WIDTH="966"
                    HEIGHT="76"></String>
          </TextLine>

          
          
          <TextLine ID="eSc_line_d08d761f"
                    TAGREFS="LT215"
                    BASELINE="76 492 963 480" 
                    HPOS="73"
                    VPOS="437"
                    WIDTH="890"
                    HEIGHT="66">
            <Shape><Polygon POINTS="219 437 217 437 195 447 88 439 86 439 84 439 82 439 73 445 76 492 76 503 963 498 963 480 959 439 221 437 219 437"/></Shape>
	    <String CONTENT="Aures admoueo, uiſa at audita requiro."
                    HPOS="73"
                    VPOS="437"
                    WIDTH="890"
                    HEIGHT="66"></String>
          </TextLine>

          
          
          <TextLine ID="eSc_line_6f141430"
                    TAGREFS="LT215"
                    BASELINE="76 544 942 537" 
                    HPOS="73"
                    VPOS="490"
                    WIDTH="869"
                    HEIGHT="64">
            <Shape><Polygon POINTS="217 492 197 492 176 492 156 492 135 492 115 492 94 492 73 492 76 544 76 554 940 550 942 537 938 494 230 490 217 492"/></Shape>
	    <String CONTENT="Et liceat nuſ ſuperent, ſuperare uidentur,"
                    HPOS="73"
                    VPOS="490"
                    WIDTH="869"
                    HEIGHT="64"></String>
          </TextLine>

          
          
          <TextLine ID="eSc_line_71958d29"
                    TAGREFS="LT215"
                    BASELINE="82 597 912 589" 
                    HPOS="80"
                    VPOS="540"
                    WIDTH="832"
                    HEIGHT="67">
            <Shape><Polygon POINTS="778 540 757 540 737 540 716 540 696 540 688 540 679 546 677 548 661 546 628 542 614 542 593 542 573 542 560 542 527 546 492 550 460 546 429 542 429 542 408 542 404 542 400 546 394 550 388 546 382 542 367 542 361 542 349 546 330 550 312 546 304 544 285 544 277 544 275 546 264 552 80 546 82 597 82 607 909 599 912 589 907 548 799 548 799 546 790 540 778 540"/></Shape>
	    <String CONTENT="Tam penitus infixa meis hærebat imago"
                    HPOS="80"
                    VPOS="540"
                    WIDTH="832"
                    HEIGHT="67"></String>
          </TextLine>

          
          
          <TextLine ID="eSc_line_eaf8d625"
                    TAGREFS="LT215"
                    BASELINE="78 650 1064 644" 
                    HPOS="76"
                    VPOS="589"
                    WIDTH="988"
                    HEIGHT="70">
            <Shape><Polygon POINTS="1041 607 1020 601 1000 595 988 589 967 599 860 591 856 591 836 591 815 591 813 591 745 599 723 601 702 599 661 593 651 593 636 593 605 599 587 601 554 599 503 593 486 595 466 595 445 595 425 595 404 595 388 595 384 597 380 603 365 597 359 595 343 595 330 595 314 597 264 603 76 597 78 650 78 659 1061 652 1064 644 1061 640 1041 607"/></Shape>
	    <String CONTENT="Senſibus. Aſt ubi iam tandem me colligo rurſum"
                    HPOS="76"
                    VPOS="589"
                    WIDTH="988"
                    HEIGHT="70"></String>
          </TextLine>

          
          
          <TextLine ID="eSc_line_a81c1299"
                    TAGREFS="LT215"
                    BASELINE="78 702 1024 698" 
                    HPOS="76"
                    VPOS="655"
                    WIDTH="948"
                    HEIGHT="59">
            <Shape><Polygon POINTS="78 702 78 712 1020 714 1024 698 1020 655 76 655 78 702"/></Shape>
	    <String CONTENT="Extra ſe poſito ſimilem, &amp; me diſputo mecum,"
                    HPOS="76"
                    VPOS="655"
                    WIDTH="948"
                    HEIGHT="59"></String>
          </TextLine>

          
          
          <TextLine ID="eSc_line_af3d6ff9"
                    TAGREFS="LT215"
                    BASELINE="78 757 870 752" 
                    HPOS="73"
                    VPOS="698"
                    WIDTH="795"
                    HEIGHT="72">
            <Shape><Polygon POINTS="827 698 825 698 749 708 745 708 723 698 720 698 710 698 690 698 669 698 649 698 628 698 608 698 587 698 566 698 546 700 525 700 505 700 484 700 480 700 472 706 462 710 73 702 76 755 76 765 864 770 868 751 866 710 829 698 827 698"/></Shape>
	    <String CONTENT="In me repperio nun dubitabilis ipſo."
                    HPOS="73"
                    VPOS="698"
                    WIDTH="795"
                    HEIGHT="72"></String>
          </TextLine>

          
          
          <TextLine ID="eSc_line_cbcb62e0"
                    TAGREFS="LT215"
                    BASELINE="78 811 909 804" 
                    HPOS="76"
                    VPOS="753"
                    WIDTH="833"
                    HEIGHT="66">
            <Shape><Polygon POINTS="712 753 692 753 671 755 651 755 630 755 618 755 616 759 593 755 589 755 568 755 558 755 544 761 542 761 529 761 445 755 445 755 425 755 404 755 384 755 371 755 357 761 351 763 347 761 340 757 322 757 318 757 312 761 308 763 293 761 260 757 260 757 240 757 219 757 199 757 178 757 166 757 76 761 78 811 78 819 907 817 909 804 905 761 720 753 712 753"/></Shape>
	    <String CONTENT="Hiſtoriæ miracla fidem facientia certam."
                    HPOS="76"
                    VPOS="753"
                    WIDTH="833"
                    HEIGHT="66"></String>
          </TextLine>

          
          
          <TextLine ID="eSc_line_f1b296df"
                    TAGREFS="LT215"
                    BASELINE="82 862 1027 856" 
                    HPOS="80"
                    VPOS="806"
                    WIDTH="947"
                    HEIGHT="68">
            <Shape><Polygon POINTS="655 806 634 806 614 809 593 809 573 809 552 809 532 809 511 809 490 809 470 809 449 809 429 809 408 809 388 809 367 809 363 809 324 815 234 811 223 811 203 811 182 811 162 811 141 811 121 811 100 811 84 811 80 813 82 862 82 874 1024 874 1027 856 1022 813 655 806 655 806"/></Shape>
	    <String CONTENT="Qualia Apoſtolicis Heroibus edita quondam"
                    HPOS="80"
                    VPOS="806"
                    WIDTH="947"
                    HEIGHT="68"></String>
          </TextLine>

          
          
          <TextLine ID="eSc_line_feee06c6"
                    TAGREFS="LT215"
                    BASELINE="80 917 1016 909" 
                    HPOS="78"
                    VPOS="866"
                    WIDTH="938"
                    HEIGHT="62">
            <Shape><Polygon POINTS="80 917 80 928 1014 926 1016 909 1010 866 78 866 80 917"/></Shape>
	    <String CONTENT="Dum ferrent noua ſaluando myſteria mundo,"
                    HPOS="78"
                    VPOS="866"
                    WIDTH="938"
                    HEIGHT="62"></String>
          </TextLine>

          
          
          <TextLine ID="eSc_line_042ac771"
                    TAGREFS="LT215"
                    BASELINE="80 969 1024 965" 
                    HPOS="78"
                    VPOS="913"
                    WIDTH="946"
                    HEIGHT="68">
            <Shape><Polygon POINTS="735 913 714 913 694 913 673 913 653 913 632 913 612 913 591 913 571 913 550 913 544 913 534 919 532 921 78 921 80 969 80 981 1022 975 1024 965 1020 919 743 913 735 913"/></Shape>
	    <String CONTENT="Prima credendi iacerent fundamina Chriſti."
                    HPOS="78"
                    VPOS="913"
                    WIDTH="946"
                    HEIGHT="68"></String>
          </TextLine>

          
          
          <TextLine ID="eSc_line_7698ac72"
                    TAGREFS="LT215"
                    BASELINE="80 1022 1068 1016" 
                    HPOS="78"
                    VPOS="971"
                    WIDTH="990"
                    HEIGHT="63">
            <Shape><Polygon POINTS="80 1022 80 1030 1066 1034 1068 1016 1064 973 78 971 80 1022"/></Shape>
	    <String CONTENT="Nam quum perciperem turbantes pectora curas"
                    HPOS="78"
                    VPOS="971"
                    WIDTH="990"
                    HEIGHT="63"></String>
          </TextLine>

          
          
          <TextLine ID="eSc_line_e609b610"
                    TAGREFS="LT215"
                    BASELINE="82 1075 971 1069" 
                    HPOS="80"
                    VPOS="1018"
                    WIDTH="891"
                    HEIGHT="72">
            <Shape><Polygon POINTS="716 1020 696 1020 675 1020 655 1020 638 1020 595 1026 433 1020 429 1020 408 1020 388 1022 367 1022 365 1022 357 1028 162 1022 162 1022 141 1022 121 1022 100 1022 88 1022 80 1026 82 1075 82 1090 969 1090 971 1069 967 1026 735 1018 716 1020"/></Shape>
	    <String CONTENT="Abſterſas, rurſus ſuum perſoluere corpus"
                    HPOS="80"
                    VPOS="1018"
                    WIDTH="891"
                    HEIGHT="72"></String>
          </TextLine>

          
          
          <TextLine ID="eSc_line_fa81e6fb"
                    TAGREFS="LT215"
                    BASELINE="82 1127 1014 1127" 
                    HPOS="82"
                    VPOS="1071"
                    WIDTH="932"
                    HEIGHT="68">
            <Shape><Polygon POINTS="932 1071 930 1071 860 1082 848 1071 846 1071 844 1071 842 1071 776 1082 684 1071 681 1071 626 1082 624 1082 622 1082 521 1073 513 1073 492 1073 486 1073 464 1082 462 1082 451 1082 369 1073 369 1075 349 1075 328 1075 308 1075 306 1075 297 1082 293 1084 191 1084 188 1082 182 1075 164 1075 143 1075 135 1075 82 1080 82 1127 82 1139 1014 1139 1014 1127 1014 1082 990 1071 988 1071 985 1071 983 1071 961 1082 934 1071 932 1071"/></Shape>
	    <String CONTENT="Officium, &amp; quo nil magis eſt optabile ſanam"
                    HPOS="82"
                    VPOS="1071"
                    WIDTH="932"
                    HEIGHT="68"></String>
          </TextLine>

          
          
          <TextLine ID="eSc_line_6836d49a"
                    TAGREFS="LT215"
                    BASELINE="82 1182 1031 1176" 
                    HPOS="80"
                    VPOS="1131"
                    WIDTH="951"
                    HEIGHT="61">
            <Shape><Polygon POINTS="82 1182 82 1192 1029 1188 1031 1176 1027 1135 80 1131 82 1182"/></Shape>
	    <String CONTENT="Planè cum ſano coniunctam corpore mentem,"
                    HPOS="80"
                    VPOS="1131"
                    WIDTH="951"
                    HEIGHT="61"></String>
          </TextLine>

          
          
          <TextLine ID="eSc_line_cfc389ce"
                    TAGREFS="LT215"
                    BASELINE="88 1236 1086 1236" 
                    HPOS="88"
                    VPOS="1176"
                    WIDTH="998"
                    HEIGHT="70">
            <Shape><Polygon POINTS="1074 1232 1059 1188 1012 1176 1012 1178 992 1178 990 1178 938 1188 932 1188 924 1188 872 1178 868 1178 848 1178 844 1178 776 1186 749 1188 733 1186 708 1178 704 1180 684 1180 671 1180 653 1184 632 1188 612 1184 597 1180 581 1180 560 1180 540 1180 519 1180 499 1180 478 1180 458 1180 453 1180 451 1182 439 1188 408 1180 396 1182 375 1182 355 1182 343 1182 312 1188 176 1182 170 1182 149 1182 129 1182 108 1182 88 1182 88 1236 88 1242 1084 1246 1086 1236 1084 1232 1074 1232"/></Shape>
	    <String CONTENT="Tum memini Pauli quid uerba nouiſſima uellent,"
                    HPOS="88"
                    VPOS="1176"
                    WIDTH="998"
                    HEIGHT="70"></String>
          </TextLine>

          
          
          <TextLine ID="eSc_line_a52ccdd9"
                    TAGREFS="LT215"
                    BASELINE="84 1287 893 1291" 
                    HPOS="82"
                    VPOS="1225"
                    WIDTH="811"
                    HEIGHT="74">
            <Shape><Polygon POINTS="885 1238 864 1238 844 1238 823 1238 803 1238 782 1238 762 1238 741 1238 720 1238 700 1238 679 1238 659 1238 638 1238 618 1238 597 1238 577 1238 499 1240 484 1238 474 1238 453 1238 433 1238 412 1238 392 1238 377 1238 371 1238 351 1238 330 1238 310 1238 289 1238 287 1240 154 1240 143 1238 125 1238 104 1238 100 1227 84 1225 84 1287 82 1295 889 1299 893 1291 889 1238 885 1238"/></Shape>
	    <String CONTENT="Me mihi dicentis reparatum: ſcilicet ille"
                    HPOS="82"
                    VPOS="1225"
                    WIDTH="811"
                    HEIGHT="74"></String>
          </TextLine>

          
          
          <TextLine ID="eSc_line_86685139"
                    TAGREFS="LT215"
                    BASELINE="84 1340 914 1349" 
                    HPOS="82"
                    VPOS="1289"
                    WIDTH="832"
                    HEIGHT="70">
            <Shape><Polygon POINTS="885 1291 864 1291 844 1291 827 1291 817 1299 694 1291 679 1291 659 1291 638 1291 618 1291 603 1291 591 1297 439 1297 433 1291 431 1289 412 1289 392 1289 371 1289 351 1289 330 1289 310 1289 289 1289 269 1289 252 1289 84 1291 84 1340 82 1349 909 1359 914 1349 912 1289 885 1289 885 1291"/></Shape>
	    <String CONTENT="Adflatus, dictæ preces, &amp; tactio noſtri,"
                    HPOS="82"
                    VPOS="1289"
                    WIDTH="832"
                    HEIGHT="70"></String>
          </TextLine>

          
          
          <TextLine ID="eSc_line_3e92e940"
                    TAGREFS="LT215"
                    BASELINE="86 1394 936 1402" 
                    HPOS="84"
                    VPOS="1346"
                    WIDTH="852"
                    HEIGHT="70">
            <Shape><Polygon POINTS="86 1394 84 1400 332 1414 334 1414 503 1406 517 1416 519 1416 521 1416 523 1416 934 1408 936 1402 936 1355 86 1346 86 1394"/></Shape>
	    <String CONTENT="Me ſubito totum diro languore leuarunt."
                    HPOS="84"
                    VPOS="1346"
                    WIDTH="852"
                    HEIGHT="70"></String>
          </TextLine>

          
          
          <TextLine ID="eSc_line_f7203a77"
                    TAGREFS="LT215"
                    BASELINE="86 1449 973 1455" 
                    HPOS="84"
                    VPOS="1398"
                    WIDTH="889"
                    HEIGHT="66">
            <Shape><Polygon POINTS="928 1402 907 1402 887 1402 866 1402 846 1402 825 1402 805 1402 784 1402 764 1402 743 1402 723 1400 702 1400 681 1400 661 1400 640 1400 620 1400 599 1400 579 1400 558 1400 538 1400 525 1400 86 1400 86 1449 84 1455 969 1464 973 1455 969 1398 930 1398 928 1402"/></Shape>
	    <String CONTENT="O mihi grata ſalus, niueo notanda lapillo,"
                    HPOS="84"
                    VPOS="1398"
                    WIDTH="889"
                    HEIGHT="66"></String>
          </TextLine>

          
          
          <TextLine ID="eSc_line_77e182e8"
                    TAGREFS="LT215"
                    BASELINE="86 1500 1105 1509" 
                    HPOS="84"
                    VPOS="1451"
                    WIDTH="1021"
                    HEIGHT="76">
            <Shape><Polygon POINTS="1092 1472 1072 1466 1057 1461 597 1461 583 1453 579 1453 558 1453 538 1453 517 1453 497 1453 476 1453 456 1453 451 1453 343 1457 322 1451 312 1451 291 1451 271 1451 250 1451 230 1451 211 1451 141 1455 119 1451 106 1451 86 1451 86 1500 84 1511 1100 1527 1105 1509 1103 1472 1092 1472"/></Shape>
	    <String CONTENT="Quam non ulla poteſt hominum prȩſtare medela:"
                    HPOS="84"
                    VPOS="1451"
                    WIDTH="1021"
                    HEIGHT="76"></String>
          </TextLine>

          
          
          <TextLine ID="eSc_line_1bbce7d7"
                    TAGREFS="LT215"
                    BASELINE="86 1552 1031 1562" 
                    HPOS="84"
                    VPOS="1503"
                    WIDTH="947"
                    HEIGHT="67">
            <Shape><Polygon POINTS="866 1509 846 1507 825 1507 805 1507 784 1507 764 1507 720 1509 655 1513 640 1507 620 1507 599 1507 583 1505 558 1507 472 1511 441 1505 435 1505 414 1505 394 1505 373 1505 353 1505 332 1503 312 1503 291 1503 271 1503 269 1503 119 1507 106 1503 86 1503 86 1552 84 1560 1027 1570 1031 1562 1029 1517 883 1509 866 1509"/></Shape>
	    <String CONTENT="Non minus ac ſi quis medica contenderet arte"
                    HPOS="84"
                    VPOS="1503"
                    WIDTH="947"
                    HEIGHT="67"></String>
          </TextLine>

          
          
          <TextLine ID="eSc_line_13ed47cb"
                    TAGREFS="LT215"
                    BASELINE="86 1607 868 1613" 
                    HPOS="84"
                    VPOS="1556"
                    WIDTH="784"
                    HEIGHT="66">
            <Shape><Polygon POINTS="86 1607 84 1613 864 1622 868 1613 866 1568 86 1556 86 1607"/></Shape>
	    <String CONTENT="Lazareos artus extinctæ reddere uitæ"
                    HPOS="84"
                    VPOS="1556"
                    WIDTH="784"
                    HEIGHT="66"></String>
          </TextLine>

          
          
          <TextLine ID="eSc_line_e61e5364"
                    TAGREFS="LT215"
                    BASELINE="86 1661 953 1665" 
                    HPOS="84"
                    VPOS="1607"
                    WIDTH="869"
                    HEIGHT="66">
            <Shape><Polygon POINTS="805 1613 784 1613 764 1613 743 1613 718 1618 708 1618 704 1615 698 1613 681 1613 661 1613 640 1613 624 1613 608 1615 583 1618 525 1615 462 1611 456 1611 435 1611 414 1611 394 1611 373 1611 353 1611 338 1609 320 1613 299 1615 86 1611 86 1661 84 1669 948 1673 953 1665 953 1620 912 1607 909 1607 907 1607 840 1618 838 1618 833 1618 813 1613 805 1613"/></Shape>
	    <String CONTENT="Fœtentes, &amp; bis gemina iam luce ſepultos."
                    HPOS="84"
                    VPOS="1607"
                    WIDTH="869"
                    HEIGHT="66"></String>
          </TextLine>

          
          
          <TextLine ID="eSc_line_e1c56a7f"
                    TAGREFS="LT215"
                    BASELINE="86 1712 994 1722" 
                    HPOS="84"
                    VPOS="1663"
                    WIDTH="910"
                    HEIGHT="65">
            <Shape><Polygon POINTS="990 1675 936 1665 934 1665 842 1673 813 1675 803 1673 778 1665 764 1665 755 1665 712 1671 690 1673 677 1669 661 1665 661 1665 642 1665 638 1669 630 1673 622 1669 614 1665 599 1665 579 1665 558 1665 538 1665 517 1663 497 1663 476 1663 474 1665 464 1671 423 1665 408 1663 394 1663 373 1663 353 1663 336 1663 281 1669 262 1663 250 1663 230 1663 209 1663 191 1663 158 1667 121 1663 106 1663 86 1663 86 1712 84 1718 990 1728 994 1722 994 1679 990 1675"/></Shape>
	    <String CONTENT="Proinde mihi iuſſis Pauli uellentibus aurem,"
                    HPOS="84"
                    VPOS="1663"
                    WIDTH="910"
                    HEIGHT="65"></String>
          </TextLine>

          
          
          <TextLine ID="eSc_line_bbb6b46d"
                    TAGREFS="LT215"
                    BASELINE="86 1767 1039 1776" 
                    HPOS="84"
                    VPOS="1714"
                    WIDTH="955"
                    HEIGHT="72">
            <Shape><Polygon POINTS="86 1767 84 1782 1035 1786 1039 1776 1037 1726 86 1714 86 1767"/></Shape>
	    <String CONTENT="Lege &amp; amicitiæ promptum faciente colendæ,"
                    HPOS="84"
                    VPOS="1714"
                    WIDTH="955"
                    HEIGHT="72"></String>
          </TextLine>

          
          
          <TextLine ID="eSc_line_063ffbb6"
                    TAGREFS="LT215"
                    BASELINE="90 1819 1098 1831" 
                    HPOS="88"
                    VPOS="1769"
                    WIDTH="1010"
                    HEIGHT="83">
            <Shape><Polygon POINTS="1096 1790 1090 1782 1000 1776 994 1776 973 1776 953 1776 932 1776 912 1776 891 1776 870 1776 850 1776 829 1776 825 1780 823 1780 796 1774 788 1774 768 1774 747 1774 727 1774 706 1774 686 1774 665 1774 644 1774 624 1774 603 1774 583 1774 562 1774 542 1772 521 1772 501 1772 480 1772 460 1772 439 1772 419 1772 398 1772 377 1772 357 1772 336 1772 322 1769 90 1769 90 1819 88 1835 219 1831 310 1841 336 1843 338 1843 340 1843 349 1841 373 1833 396 1841 400 1843 402 1843 404 1843 406 1843 408 1843 408 1841 423 1833 437 1843 441 1845 443 1845 445 1845 447 1845 478 1843 560 1835 583 1843 591 1848 593 1848 595 1848 628 1845 704 1837 725 1845 729 1848 731 1848 733 1848 770 1848 924 1839 930 1848 932 1848 932 1850 934 1850 936 1850 938 1852 1096 1852 1098 1831 1096 1790 1096 1790"/></Shape>
	    <String CONTENT="Qua mihi Eraſmus, ego fui coniunctus Eraſmo,"
                    HPOS="88"
                    VPOS="1769"
                    WIDTH="1010"
                    HEIGHT="83"></String>
          </TextLine>

          
          
          <TextLine ID="eSc_line_a1258cd2"
                    TAGREFS="LT215"
                    BASELINE="90 1872 983 1880" 
                    HPOS="88"
                    VPOS="1829"
                    WIDTH="895"
                    HEIGHT="60">
            <Shape><Polygon POINTS="90 1872 88 1880 979 1889 983 1880 981 1835 90 1829 90 1872"/></Shape>
	    <String CONTENT="Corripior mox è tepido mea corpora lecto,"
                    HPOS="88"
                    VPOS="1829"
                    WIDTH="895"
                    HEIGHT="60"></String>
          </TextLine>

          
          
          <TextLine ID="eSc_line_fcd1b80d"
                    TAGREFS="LT215"
                    BASELINE="88 1926 1031 1938" 
                    HPOS="86"
                    VPOS="1878"
                    WIDTH="945"
                    HEIGHT="72">
            <Shape><Polygon POINTS="88 1926 86 1932 1027 1950 1031 1938 1031 1891 88 1878 88 1926"/></Shape>
	    <String CONTENT="Accipio calamum, tenebras extinguo lucerna,"
                    HPOS="86"
                    VPOS="1878"
                    WIDTH="945"
                    HEIGHT="72"></String>
          </TextLine>

          
          
          <TextLine ID="eSc_line_da55fb19"
                    TAGREFS="LT215"
                    BASELINE="88 1981 973 1991" 
                    HPOS="86"
                    VPOS="1928"
                    WIDTH="887"
                    HEIGHT="94">
            <Shape><Polygon POINTS="868 1936 848 1936 827 1936 807 1936 796 1936 786 1940 780 1940 776 1940 764 1936 745 1936 725 1936 723 1934 718 1940 716 1940 706 1934 704 1934 684 1934 663 1934 636 1940 628 1940 620 1940 597 1934 581 1934 560 1934 548 1932 538 1938 532 1932 519 1932 509 1932 495 1938 453 1932 437 1932 416 1932 408 1940 406 1940 400 1940 345 1930 334 1930 314 1930 293 1930 289 1930 264 1938 238 1928 232 1928 211 1928 203 1928 184 1938 123 1938 108 1979 90 1977 88 1981 86 2004 262 1997 332 2006 441 2020 716 2022 718 2022 720 2022 772 2006 774 2006 907 2016 909 2016 971 2004 973 1991 969 1940 885 1944 877 1940 870 1936 868 1936"/></Shape>
	    <String CONTENT="Et mihi uiſa propagare &amp; præcepta laboro."
                    HPOS="86"
                    VPOS="1928"
                    WIDTH="887"
                    HEIGHT="94"></String>
          </TextLine>

          
          
          <TextLine ID="eSc_line_a22a8d1f"
                    TAGREFS="LT215"
                    BASELINE="1024 2047 1213 2047" 
                    HPOS="1024"
                    VPOS="1979"
                    WIDTH="189"
                    HEIGHT="94">
            <Shape><Polygon POINTS="1189 1993 1168 1991 1148 1987 1127 1985 1107 1983 1086 1981 1082 1979 1024 1991 1024 2047 1024 2073 1213 2073 1213 2047 1213 1993 1189 1989 1189 1993"/></Shape>
	    <String CONTENT="o Vos"
                    HPOS="1024"
                    VPOS="1979"
                    WIDTH="189"
                    HEIGHT="94"></String>
          </TextLine>

          
        </TextBlock>
        
        <TextBlock HPOS="487"
                   VPOS="205"
                   WIDTH="250"
                   HEIGHT="54"
                   ID="eSc_textblock_06efcf9d"
                   TAGREFS="BT659">
          <Shape><Polygon POINTS="509 205 729 213 737 259 487 259"/></Shape>
          
        </TextBlock>
        
        <TextBlock HPOS="1003"
                   VPOS="1991"
                   WIDTH="202"
                   HEIGHT="68"
                   ID="eSc_textblock_979130e7"
                   TAGREFS="BT656">
          <Shape><Polygon POINTS="1170 1995 1170 1991 1205 1995 1205 2059 1018 2051 1008 2010 1003 2009 1003 1995"/></Shape>
          
        </TextBlock>
        

        
      </PrintSpace>
    </Page>
  </Layout>
</alto>
