<?xml version="1.0" encoding="UTF-8"?>
<alto xmlns:xsi="http://www.w3.org/2001/XMLSchema-instance"
      xmlns="http://www.loc.gov/standards/alto/ns-v4#"
      xsi:schemaLocation="http://www.loc.gov/standards/alto/ns-v4# http://www.loc.gov/standards/alto/v4/alto-4-2.xsd">
  <Description>
    <MeasurementUnit>pixel</MeasurementUnit>
    <sourceImageInformation>
      <fileName>Epitaphiorum_ac_tumulorum_libellus_quibus_Des_Erasmi_Roterodami_mors_defletur.pdf_page_15.png</fileName>
      
    </sourceImageInformation>
  </Description>
  
  <Tags>
    <OtherTag ID="BT656" LABEL="NumberingZone" DESCRIPTION="block type NumberingZone"/><OtherTag ID="BT657" LABEL="MainZone" DESCRIPTION="block type MainZone"/><OtherTag ID="BT658" LABEL="DropCapitalZone" DESCRIPTION="block type DropCapitalZone"/><OtherTag ID="BT659" LABEL="RunningTitleZone" DESCRIPTION="block type RunningTitleZone"/>
    <OtherTag ID="LT214" LABEL="HeadingLine" DESCRIPTION="line type HeadingLine"/><OtherTag ID="LT215" LABEL="DefaultLine" DESCRIPTION="line type DefaultLine"/><OtherTag ID="LT216" LABEL="DropCapitalLine" DESCRIPTION="line type DropCapitalLine"/>
  </Tags>
  
  <Layout>
    <Page WIDTH="1748"
          HEIGHT="2464"
          PHYSICAL_IMG_NR="2"
          ID="eSc_dummypage_">
      <PrintSpace HPOS="0"
                  VPOS="0"
                  WIDTH="1748"
                  HEIGHT="2464">
        
        <TextBlock HPOS="541"
                   VPOS="205"
                   WIDTH="85"
                   HEIGHT="57"
                   ID="eSc_textblock_cf2f9fe8"
                   TAGREFS="BT656">
          <Shape><Polygon POINTS="614 213 626 240 623 240 623 262 541 262 542 205"/></Shape>
          
          
          <TextLine ID="eSc_line_b385524f"
                    TAGREFS="LT215"
                    BASELINE="864 248 1226 248" 
                    HPOS="864"
                    VPOS="205"
                    WIDTH="362"
                    HEIGHT="68">
            <Shape><Polygon POINTS="1213 205 1193 205 1172 205 1152 205 1131 205 1111 205 1090 205 1070 205 1049 205 1029 205 1008 205 988 205 967 205 946 205 926 205 905 205 885 205 864 209 864 248 864 260 1224 273 1226 248 1226 205 1213 205"/></Shape>
	    <String CONTENT="APOTHEOSIS"
                    HPOS="864"
                    VPOS="205"
                    WIDTH="362"
                    HEIGHT="68"></String>
          </TextLine>

          
          
          <TextLine ID="eSc_line_8d453d88"
                    TAGREFS="LT215"
                    BASELINE="542 252 603 252" 
                    HPOS="542"
                    VPOS="205"
                    WIDTH="61"
                    HEIGHT="72">
            <Shape><Polygon POINTS="583 209 562 207 550 205 542 205 542 252 542 277 603 264 603 252 601 209 583 209"/></Shape>
	    <String CONTENT="98"
                    HPOS="542"
                    VPOS="205"
                    WIDTH="61"
                    HEIGHT="72"></String>
          </TextLine>

          
          
          <TextLine ID="eSc_line_4b001026"
                    TAGREFS="LT215"
                    BASELINE="534 318 1423 324" 
                    HPOS="532"
                    VPOS="260"
                    WIDTH="891"
                    HEIGHT="84">
            <Shape><Polygon POINTS="1417 283 1396 281 1376 277 1355 273 1335 271 1314 266 1306 264 1150 271 1080 273 1072 268 1061 262 1059 262 1057 262 1055 262 1053 262 1051 262 1043 268 1037 273 996 268 944 262 942 262 918 266 885 273 844 264 813 260 811 260 733 262 573 271 536 260 534 318 532 328 1146 344 1148 344 1421 334 1423 324 1421 305 1417 283"/></Shape>
	    <String CONTENT="Induit, &amp; placido nidum locat altera ponto."
                    HPOS="532"
                    VPOS="260"
                    WIDTH="891"
                    HEIGHT="84"></String>
          </TextLine>

          
          
          <TextLine ID="eSc_line_a10a6067"
                    TAGREFS="LT215"
                    BASELINE="544 371 1392 375" 
                    HPOS="542"
                    VPOS="320"
                    WIDTH="850"
                    HEIGHT="66">
            <Shape><Polygon POINTS="544 371 542 386 1390 386 1392 375 1388 328 599 330 544 320 544 371"/></Shape>
	    <String CONTENT="Tres adeo noctes, &amp; tot mea lumina luces"
                    HPOS="542"
                    VPOS="320"
                    WIDTH="850"
                    HEIGHT="66"></String>
          </TextLine>

          
          
          <TextLine ID="eSc_line_aaf281cd"
                    TAGREFS="LT215"
                    BASELINE="536 425 1324 433" 
                    HPOS="534"
                    VPOS="373"
                    WIDTH="790"
                    HEIGHT="68">
            <Shape><Polygon POINTS="1277 375 1275 375 1273 375 1271 375 1257 386 1174 375 1172 375 1068 383 1057 375 1049 375 1031 375 963 383 920 373 905 373 889 373 817 381 760 373 741 373 720 373 716 373 708 379 622 373 618 373 597 373 577 373 556 373 536 406 536 425 534 433 1320 441 1324 433 1324 388 1279 375 1277 375"/></Shape>
	    <String CONTENT="Munere Lethæi dulci caruere ſoporis,"
                    HPOS="534"
                    VPOS="373"
                    WIDTH="790"
                    HEIGHT="68"></String>
          </TextLine>

          
          
          <TextLine ID="eSc_line_e8ab1fae"
                    TAGREFS="LT215"
                    BASELINE="536 476 1485 482" 
                    HPOS="534"
                    VPOS="435"
                    WIDTH="951"
                    HEIGHT="70">
            <Shape><Polygon POINTS="1480 447 1464 439 536 435 536 476 534 488 564 501 566 501 568 501 725 492 733 492 741 492 854 503 856 505 1483 505 1485 482 1483 464 1480 447"/></Shape>
	    <String CONTENT="Quemlibet aſpernante cibum potum palato."
                    HPOS="534"
                    VPOS="435"
                    WIDTH="951"
                    HEIGHT="70"></String>
          </TextLine>

          
          
          <TextLine ID="eSc_line_e61e77c8"
                    TAGREFS="LT215"
                    BASELINE="532 531 1454 535" 
                    HPOS="529"
                    VPOS="488"
                    WIDTH="925"
                    HEIGHT="68">
            <Shape><Polygon POINTS="532 531 529 544 1450 556 1454 535 1452 492 532 488 532 531"/></Shape>
	    <String CONTENT="Nox aderat cum concubio iam quarta ſilenti"
                    HPOS="529"
                    VPOS="488"
                    WIDTH="925"
                    HEIGHT="68"></String>
          </TextLine>

          
          
          <TextLine ID="eSc_line_0ce61999"
                    TAGREFS="LT215"
                    BASELINE="536 583 1550 593" 
                    HPOS="534"
                    VPOS="533"
                    WIDTH="1016"
                    HEIGHT="83">
            <Shape><Polygon POINTS="1542 556 1522 550 1517 548 702 533 700 533 679 533 659 533 638 533 618 533 597 533 583 533 536 540 536 583 534 595 1546 616 1550 593 1546 568 1542 556"/></Shape>
	    <String CONTENT="Cætera carpebant quo mollem animalia ſomnum,"
                    HPOS="534"
                    VPOS="533"
                    WIDTH="1016"
                    HEIGHT="83"></String>
          </TextLine>

          
          
          <TextLine ID="eSc_line_2ef2995b"
                    TAGREFS="LT215"
                    BASELINE="540 638 1431 642" 
                    HPOS="538"
                    VPOS="587"
                    WIDTH="893"
                    HEIGHT="78">
            <Shape><Polygon POINTS="540 638 538 650 1427 665 1431 642 1429 601 540 587 540 638"/></Shape>
	    <String CONTENT="Vnus ego miſer infando mœrore manebam"
                    HPOS="538"
                    VPOS="587"
                    WIDTH="893"
                    HEIGHT="78"></String>
          </TextLine>

          
          
          <TextLine ID="eSc_line_2d9de0c3"
                    TAGREFS="LT215"
                    BASELINE="534 691 1390 698" 
                    HPOS="532"
                    VPOS="644"
                    WIDTH="858"
                    HEIGHT="64">
            <Shape><Polygon POINTS="534 691 532 708 1388 708 1390 698 1388 644 534 644 534 691"/></Shape>
	    <String CONTENT="Peruigil in ſolo proſtratus membra cubili."
                    HPOS="532"
                    VPOS="644"
                    WIDTH="858"
                    HEIGHT="64"></String>
          </TextLine>

          
          
          <TextLine ID="eSc_line_04e1f0b5"
                    TAGREFS="LT215"
                    BASELINE="540 747 1452 753" 
                    HPOS="538"
                    VPOS="696"
                    WIDTH="914"
                    HEIGHT="71">
            <Shape><Polygon POINTS="1446 702 540 696 540 747 538 757 1448 767 1452 753 1450 730 1446 702"/></Shape>
	    <String CONTENT="Tum mihi neſcio num genius, natura uel ipſa"
                    HPOS="538"
                    VPOS="696"
                    WIDTH="914"
                    HEIGHT="71"></String>
          </TextLine>

          
          
          <TextLine ID="eSc_line_b34b060b"
                    TAGREFS="LT215"
                    BASELINE="532 802 1318 802" 
                    HPOS="532"
                    VPOS="751"
                    WIDTH="786"
                    HEIGHT="72">
            <Shape><Polygon POINTS="532 802 532 815 1316 823 1318 802 1318 761 532 751 532 802"/></Shape>
	    <String CONTENT="Inuitos oculos ſomno ſepeliuit amico,"
                    HPOS="532"
                    VPOS="751"
                    WIDTH="786"
                    HEIGHT="72"></String>
          </TextLine>

          
          
          <TextLine ID="eSc_line_86cd6647"
                    TAGREFS="LT215"
                    BASELINE="532 852 1419 860" 
                    HPOS="529"
                    VPOS="804"
                    WIDTH="890"
                    HEIGHT="76">
            <Shape><Polygon POINTS="1195 804 1094 813 1059 815 532 804 532 852 529 862 612 874 614 874 727 866 745 866 749 866 776 876 778 876 780 876 881 870 912 868 930 870 981 878 983 880 1417 880 1419 860 1417 819 1363 806 1361 806 1277 815 1261 817 1248 815 1197 804 1195 804"/></Shape>
	    <String CONTENT="Demulcens grata mea corpora feſſa quiete."
                    HPOS="529"
                    VPOS="804"
                    WIDTH="890"
                    HEIGHT="76"></String>
          </TextLine>

          
          
          <TextLine ID="eSc_line_298f81ce"
                    TAGREFS="LT215"
                    BASELINE="529 907 1460 911" 
                    HPOS="527"
                    VPOS="860"
                    WIDTH="933"
                    HEIGHT="72">
            <Shape><Polygon POINTS="1454 895 1441 866 529 860 529 907 527 919 1456 932 1460 911 1456 897 1454 895"/></Shape>
	    <String CONTENT="Ecce mihi ſimulachra trium ſunt uiſa uirorum"
                    HPOS="527"
                    VPOS="860"
                    WIDTH="933"
                    HEIGHT="72"></String>
          </TextLine>

          
          
          <TextLine ID="eSc_line_35ed41f8"
                    TAGREFS="LT215"
                    BASELINE="529 960 1423 967" 
                    HPOS="527"
                    VPOS="909"
                    WIDTH="896"
                    HEIGHT="76">
            <Shape><Polygon POINTS="1281 911 1144 919 1131 911 1125 911 1105 911 1098 911 1006 919 998 919 990 919 866 909 864 909 862 909 836 919 827 909 825 909 817 909 796 909 776 909 760 909 529 915 529 960 527 971 1419 985 1423 967 1421 924 1283 911 1281 911"/></Shape>
	    <String CONTENT="Ante torum, de ſe clarum diffundere lumen,"
                    HPOS="527"
                    VPOS="909"
                    WIDTH="896"
                    HEIGHT="76"></String>
          </TextLine>

          
          
          <TextLine ID="eSc_line_51a82621"
                    TAGREFS="LT215"
                    BASELINE="529 1012 1328 1016" 
                    HPOS="527"
                    VPOS="969"
                    WIDTH="801"
                    HEIGHT="69">
            <Shape><Polygon POINTS="529 1012 527 1024 663 1036 665 1036 889 1028 926 1038 928 1038 930 1038 1326 1028 1328 1016 1326 973 529 969 529 1012"/></Shape>
	    <String CONTENT="Suaue diuini pariter ſpiramen odoris"
                    HPOS="527"
                    VPOS="969"
                    WIDTH="801"
                    HEIGHT="69"></String>
          </TextLine>

          
          
          <TextLine ID="eSc_line_d4811267"
                    TAGREFS="LT215"
                    BASELINE="527 1067 1454 1075" 
                    HPOS="525"
                    VPOS="1014"
                    WIDTH="929"
                    HEIGHT="76">
            <Shape><Polygon POINTS="1452 1038 1444 1028 527 1014 527 1067 525 1078 1450 1090 1454 1075 1452 1038 1452 1038"/></Shape>
	    <String CONTENT="Reddere, &amp; his planè totum complere cubile."
                    HPOS="525"
                    VPOS="1014"
                    WIDTH="929"
                    HEIGHT="76"></String>
          </TextLine>

          
          
          <TextLine ID="eSc_line_34866e91"
                    TAGREFS="LT215"
                    BASELINE="529 1123 1495 1131" 
                    HPOS="527"
                    VPOS="1065"
                    WIDTH="968"
                    HEIGHT="82">
            <Shape><Polygon POINTS="1485 1078 772 1078 747 1069 735 1069 714 1069 704 1069 624 1075 566 1069 550 1069 548 1067 529 1065 529 1123 527 1131 558 1141 560 1141 562 1141 733 1133 749 1133 751 1133 766 1143 768 1143 770 1143 772 1143 932 1137 983 1135 992 1137 1010 1145 1012 1145 1014 1147 1493 1147 1495 1131 1493 1086 1485 1078"/></Shape>
	    <String CONTENT="Quale iubar ſolis mundum iaculatur in omnem"
                    HPOS="527"
                    VPOS="1065"
                    WIDTH="968"
                    HEIGHT="82"></String>
          </TextLine>

          
          
          <TextLine ID="eSc_line_5554e85a"
                    TAGREFS="LT215"
                    BASELINE="527 1174 1394 1182" 
                    HPOS="525"
                    VPOS="1127"
                    WIDTH="869"
                    HEIGHT="74">
            <Shape><Polygon POINTS="527 1174 525 1184 1390 1201 1394 1182 1392 1137 527 1127 527 1174"/></Shape>
	    <String CONTENT="Mane ubi iam ſeſe Nabathæis extulit oris."
                    HPOS="525"
                    VPOS="1127"
                    WIDTH="869"
                    HEIGHT="74"></String>
          </TextLine>

          
          
          <TextLine ID="eSc_line_657d7d96"
                    TAGREFS="LT215"
                    BASELINE="534 1227 1571 1238" 
                    HPOS="532"
                    VPOS="1176"
                    WIDTH="1039"
                    HEIGHT="82">
            <Shape><Polygon POINTS="1559 1234 1542 1192 1312 1182 1310 1182 1248 1188 1211 1190 1189 1186 1156 1180 1154 1180 946 1182 597 1184 546 1176 534 1176 534 1227 532 1238 599 1250 601 1250 694 1242 706 1242 1567 1258 1571 1238 1569 1234 1559 1234"/></Shape>
	    <String CONTENT="Vt domum imbuerat quondam fragrantia nardi,"
                    HPOS="532"
                    VPOS="1176"
                    WIDTH="1039"
                    HEIGHT="82"></String>
          </TextLine>

          
          
          <TextLine ID="eSc_line_59a01b3b"
                    TAGREFS="LT215"
                    BASELINE="527 1281 1472 1289" 
                    HPOS="525"
                    VPOS="1227"
                    WIDTH="947"
                    HEIGHT="80">
            <Shape><Polygon POINTS="527 1281 525 1291 562 1303 564 1303 566 1303 741 1295 760 1295 762 1295 786 1305 788 1305 790 1307 1470 1307 1472 1289 1470 1240 605 1240 527 1227 527 1281"/></Shape>
	    <String CONTENT="Quo tinxit mulier morituro tempora Chriſto."
                    HPOS="525"
                    VPOS="1227"
                    WIDTH="947"
                    HEIGHT="80"></String>
          </TextLine>

          
          
          <TextLine ID="eSc_line_30561c67"
                    TAGREFS="LT215"
                    BASELINE="525 1336 1396 1344" 
                    HPOS="523"
                    VPOS="1287"
                    WIDTH="873"
                    HEIGHT="70">
            <Shape><Polygon POINTS="525 1336 523 1346 1392 1357 1396 1344 1394 1299 525 1287 525 1336"/></Shape>
	    <String CONTENT="Adſtabant ſumma mihi maieſtate uerendi,"
                    HPOS="523"
                    VPOS="1287"
                    WIDTH="873"
                    HEIGHT="70"></String>
          </TextLine>

          
          
          <TextLine ID="eSc_line_00930eef"
                    TAGREFS="LT215"
                    BASELINE="525 1390 1452 1398" 
                    HPOS="523"
                    VPOS="1342"
                    WIDTH="929"
                    HEIGHT="68">
            <Shape><Polygon POINTS="1450 1357 1446 1344 525 1342 525 1390 523 1400 1448 1410 1452 1398 1450 1365 1450 1357"/></Shape>
	    <String CONTENT="Induti quorum nitidas duo membra lacernas"
                    HPOS="523"
                    VPOS="1342"
                    WIDTH="929"
                    HEIGHT="68"></String>
          </TextLine>

          
          
          <TextLine ID="eSc_line_65378495"
                    TAGREFS="LT215"
                    BASELINE="527 1441 1448 1453" 
                    HPOS="525"
                    VPOS="1398"
                    WIDTH="923"
                    HEIGHT="63">
            <Shape><Polygon POINTS="527 1441 525 1457 1444 1461 1448 1453 1446 1410 527 1398 527 1441"/></Shape>
	    <String CONTENT="Arte fabrefactas, uariantibus undi gemmis."
                    HPOS="525"
                    VPOS="1398"
                    WIDTH="923"
                    HEIGHT="63"></String>
          </TextLine>

          
          
          <TextLine ID="eSc_line_c974674c"
                    TAGREFS="LT215"
                    BASELINE="525 1494 1448 1505" 
                    HPOS="523"
                    VPOS="1447"
                    WIDTH="925"
                    HEIGHT="72">
            <Shape><Polygon POINTS="525 1494 523 1505 1444 1519 1448 1505 1446 1461 525 1447 525 1494"/></Shape>
	    <String CONTENT="Horum alter medius, læuum medij latus alter"
                    HPOS="523"
                    VPOS="1447"
                    WIDTH="925"
                    HEIGHT="72"></String>
          </TextLine>

          
          
          <TextLine ID="eSc_line_19e91eb7"
                    TAGREFS="LT215"
                    BASELINE="527 1548 1450 1556" 
                    HPOS="525"
                    VPOS="1496"
                    WIDTH="925"
                    HEIGHT="78">
            <Shape><Polygon POINTS="983 1500 979 1500 959 1500 938 1500 926 1500 774 1507 755 1507 751 1507 710 1496 694 1496 527 1505 527 1548 525 1564 1446 1574 1450 1556 1450 1511 992 1511 992 1509 985 1500 983 1500"/></Shape>
	    <String CONTENT="Claudebat dextra, roſeum ferebat amictum"
                    HPOS="525"
                    VPOS="1496"
                    WIDTH="925"
                    HEIGHT="78"></String>
          </TextLine>

          
          
          <TextLine ID="eSc_line_a0700d0b"
                    TAGREFS="LT215"
                    BASELINE="532 1601 1413 1611" 
                    HPOS="529"
                    VPOS="1550"
                    WIDTH="884"
                    HEIGHT="80">
            <Shape><Polygon POINTS="1232 1556 998 1558 708 1560 653 1550 649 1550 647 1550 642 1550 587 1558 542 1550 532 1550 532 1601 529 1611 1409 1630 1413 1611 1411 1568 1234 1556 1232 1556"/></Shape>
	    <String CONTENT="Tertius, ornatum paribus pictum lapillis."
                    HPOS="529"
                    VPOS="1550"
                    WIDTH="884"
                    HEIGHT="80"></String>
          </TextLine>

          
          
          <TextLine ID="eSc_line_7c8600b5"
                    TAGREFS="LT215"
                    BASELINE="527 1652 1382 1665" 
                    HPOS="525"
                    VPOS="1609"
                    WIDTH="857"
                    HEIGHT="68">
            <Shape><Polygon POINTS="527 1652 525 1665 1378 1677 1382 1665 1382 1624 1353 1613 1351 1613 1349 1613 1244 1622 1057 1609 1055 1609 527 1609 527 1652"/></Shape>
	    <String CONTENT="Obſtupui primo intuitu, licet omnia pacis"
                    HPOS="525"
                    VPOS="1609"
                    WIDTH="857"
                    HEIGHT="68"></String>
          </TextLine>

          
          
          <TextLine ID="eSc_line_05517dd4"
                    TAGREFS="LT215"
                    BASELINE="527 1710 1347 1720" 
                    HPOS="525"
                    VPOS="1654"
                    WIDTH="822"
                    HEIGHT="76">
            <Shape><Polygon POINTS="527 1710 525 1722 1343 1730 1347 1720 1345 1665 856 1669 527 1654 527 1710"/></Shape>
	    <String CONTENT="Signa lætitiæ præ ſe certiſſima ferrent."
                    HPOS="525"
                    VPOS="1654"
                    WIDTH="822"
                    HEIGHT="76"></String>
          </TextLine>

          
          
          <TextLine ID="eSc_line_cbae61cb"
                    TAGREFS="LT215"
                    BASELINE="532 1761 1474 1774" 
                    HPOS="529"
                    VPOS="1712"
                    WIDTH="945"
                    HEIGHT="72">
            <Shape><Polygon POINTS="1456 1728 1450 1726 1333 1718 1333 1720 1312 1720 1292 1720 1271 1720 1250 1720 1230 1720 1209 1720 1162 1724 1140 1720 1129 1718 1127 1718 1107 1718 1086 1718 1066 1718 1061 1718 1004 1722 963 1716 942 1716 922 1716 901 1716 881 1716 860 1716 844 1714 690 1718 677 1712 675 1712 655 1712 634 1712 618 1712 581 1716 560 1712 552 1712 532 1712 532 1761 529 1769 1470 1784 1474 1774 1474 1735 1456 1728"/></Shape>
	    <String CONTENT="Tum ſenior, quem ſanguineus ueſtitus obibat,"
                    HPOS="529"
                    VPOS="1712"
                    WIDTH="945"
                    HEIGHT="72"></String>
          </TextLine>

          
          
          <TextLine ID="eSc_line_745acba4"
                    TAGREFS="LT215"
                    BASELINE="525 1815 1499 1827" 
                    HPOS="523"
                    VPOS="1765"
                    WIDTH="976"
                    HEIGHT="74">
            <Shape><Polygon POINTS="1495 1774 525 1765 525 1815 523 1823 716 1837 1495 1839 1499 1827 1499 1780 1495 1774"/></Shape>
	    <String CONTENT="His male me trepidum uerbis compellat amicis."
                    HPOS="523"
                    VPOS="1765"
                    WIDTH="976"
                    HEIGHT="74"></String>
          </TextLine>

          
          
          <TextLine ID="eSc_line_8be4f9a4"
                    TAGREFS="LT215"
                    BASELINE="525 1868 1515 1880" 
                    HPOS="523"
                    VPOS="1817"
                    WIDTH="992"
                    HEIGHT="78">
            <Shape><Polygon POINTS="833 1819 813 1819 799 1819 706 1825 690 1825 686 1825 653 1817 649 1817 628 1817 618 1817 525 1823 525 1868 523 1876 764 1891 766 1891 833 1882 838 1882 840 1882 850 1893 852 1893 854 1893 856 1895 1513 1895 1515 1880 1513 1829 856 1829 850 1825 842 1819 833 1819"/></Shape>
	    <String CONTENT="Ne timeas noſter Sapide, hic (dextram ſiniſtro"
                    HPOS="523"
                    VPOS="1817"
                    WIDTH="992"
                    HEIGHT="78"></String>
          </TextLine>

          
          
          <TextLine ID="eSc_line_c8c841fc"
                    TAGREFS="LT215"
                    BASELINE="527 1919 1462 1934" 
                    HPOS="525"
                    VPOS="1874"
                    WIDTH="937"
                    HEIGHT="78">
            <Shape><Polygon POINTS="527 1919 525 1930 1458 1952 1462 1934 1460 1887 527 1874 527 1919"/></Shape>
	    <String CONTENT="Cum dictis humero medij eſt imponere uiſus)"
                    HPOS="525"
                    VPOS="1874"
                    WIDTH="937"
                    HEIGHT="78"></String>
          </TextLine>

          
          
          <TextLine ID="eSc_line_d4045902"
                    TAGREFS="LT215"
                    BASELINE="527 1973 1353 1985" 
                    HPOS="525"
                    VPOS="1921"
                    WIDTH="828"
                    HEIGHT="101">
            <Shape><Polygon POINTS="815 1926 794 1926 782 1923 751 1923 733 1923 712 1923 692 1923 671 1923 651 1921 630 1921 610 1921 589 1921 568 1921 548 1921 527 1921 527 1973 525 1997 690 2014 692 2014 893 2010 994 2008 1002 2012 1008 2018 1010 2018 1012 2018 1014 2018 1074 2014 1160 2010 1174 2018 1176 2020 1179 2020 1181 2020 1183 2020 1205 2018 1277 2012 1349 2022 1353 1985 1351 1940 825 1926 815 1926"/></Shape>
	    <String CONTENT="Hic eſt ille tibi tantum defletus Eraſmus,"
                    HPOS="525"
                    VPOS="1921"
                    WIDTH="828"
                    HEIGHT="101"></String>
          </TextLine>

          
          
          <TextLine ID="eSc_line_122dc1f0"
                    TAGREFS="LT215"
                    BASELINE="1452 2043 1653 2043" 
                    HPOS="1452"
                    VPOS="1985"
                    WIDTH="201"
                    HEIGHT="90">
            <Shape><Polygon POINTS="1637 2002 1616 1997 1596 1995 1575 1991 1452 1985 1452 2043 1452 2075 1563 2075 1563 2073 1565 2073 1567 2073 1567 2071 1573 2067 1577 2063 1587 2065 1616 2073 1618 2073 1620 2073 1622 2073 1653 2061 1653 2043 1653 1995 1637 1993 1637 2002"/></Shape>
	    <String CONTENT="Ob cuius"
                    HPOS="1452"
                    VPOS="1985"
                    WIDTH="201"
                    HEIGHT="90"></String>
          </TextLine>

          
        </TextBlock>
        
        <TextBlock HPOS="839"
                   VPOS="205"
                   WIDTH="465"
                   HEIGHT="51"
                   ID="eSc_textblock_c5303db9"
                   TAGREFS="BT659">
          <Shape><Polygon POINTS="870 205 1230 205 1304 229 1285 256 845 256 845 240 839 240"/></Shape>
          
        </TextBlock>
        
        <TextBlock HPOS="525"
                   VPOS="265"
                   WIDTH="1058"
                   HEIGHT="1736"
                   ID="eSc_textblock_f757e50b"
                   TAGREFS="BT657">
          <Shape><Polygon POINTS="1435 287 1394 416 1493 451 1476 540 1550 558 1559 597 1470 622 1444 665 1460 770 1419 794 1468 926 1427 1008 1501 1092 1501 1147 1460 1172 1567 1190 1583 1229 1503 1262 1452 1330 1468 1542 1394 1714 1476 1733 1517 1806 1526 1878 1486 1957 1367 1957 1367 1984 1372 1984 1372 2001 525 1985 541 267 776 267 776 265 828 265 828 273 1348 273"/></Shape>
          
        </TextBlock>
        
        <TextBlock HPOS="1449"
                   VPOS="1984"
                   WIDTH="200"
                   HEIGHT="67"
                   ID="eSc_textblock_c3a43b76"
                   TAGREFS="BT656">
          <Shape><Polygon POINTS="1522 1984 1649 2004 1649 2051 1454 2051 1449 2042 1449 1984"/></Shape>
          
        </TextBlock>
        

        
      </PrintSpace>
    </Page>
  </Layout>
</alto>
