<?xml version="1.0" encoding="UTF-8"?>
<alto xmlns:xsi="http://www.w3.org/2001/XMLSchema-instance"
      xmlns="http://www.loc.gov/standards/alto/ns-v4#"
      xsi:schemaLocation="http://www.loc.gov/standards/alto/ns-v4# http://www.loc.gov/standards/alto/v4/alto-4-2.xsd">
  <Description>
    <MeasurementUnit>pixel</MeasurementUnit>
    <sourceImageInformation>
      <fileName>Epitaphiorum_ac_tumulorum_libellus_quibus_Des_Erasmi_Roterodami_mors_defletur.pdf_page_19.png</fileName>
      
    </sourceImageInformation>
  </Description>
  
  <Tags>
    <OtherTag ID="BT656" LABEL="NumberingZone" DESCRIPTION="block type NumberingZone"/><OtherTag ID="BT657" LABEL="MainZone" DESCRIPTION="block type MainZone"/><OtherTag ID="BT658" LABEL="DropCapitalZone" DESCRIPTION="block type DropCapitalZone"/><OtherTag ID="BT659" LABEL="RunningTitleZone" DESCRIPTION="block type RunningTitleZone"/>
    <OtherTag ID="LT214" LABEL="HeadingLine" DESCRIPTION="line type HeadingLine"/><OtherTag ID="LT215" LABEL="DefaultLine" DESCRIPTION="line type DefaultLine"/><OtherTag ID="LT216" LABEL="DropCapitalLine" DESCRIPTION="line type DropCapitalLine"/>
  </Tags>
  
  <Layout>
    <Page WIDTH="1748"
          HEIGHT="2464"
          PHYSICAL_IMG_NR="6"
          ID="eSc_dummypage_">
      <PrintSpace HPOS="0"
                  VPOS="0"
                  WIDTH="1748"
                  HEIGHT="2464">
        
        <TextBlock HPOS="781"
                   VPOS="213"
                   WIDTH="492"
                   HEIGHT="63"
                   ID="eSc_textblock_b5361eb4"
                   TAGREFS="BT659">
          <Shape><Polygon POINTS="1213 213 1248 271 1273 276 806 276 806 262 781 262 838 213"/></Shape>
          
          
          <TextLine ID="eSc_line_b6a3ac68"
                    TAGREFS="LT215"
                    BASELINE="840 264 1224 258" 
                    HPOS="838"
                    VPOS="213"
                    WIDTH="386"
                    HEIGHT="62">
            <Shape><Polygon POINTS="1209 215 1135 213 1125 213 1105 213 1084 213 1064 213 1043 213 1022 213 1002 213 981 213 961 213 948 213 944 217 918 213 899 213 879 213 860 213 838 221 840 264 840 275 1224 271 1224 258 1220 232 1209 215"/></Shape>
	    <String CONTENT="APOTHEOSIS"
                    HPOS="838"
                    VPOS="213"
                    WIDTH="386"
                    HEIGHT="62"></String>
          </TextLine>

          
          
          <TextLine ID="eSc_line_bd3c21af"
                    TAGREFS="LT215"
                    BASELINE="525 262 612 258" 
                    HPOS="525"
                    VPOS="221"
                    WIDTH="87"
                    HEIGHT="52">
            <Shape><Polygon POINTS="603 221 583 221 562 221 542 221 525 262 525 273 612 273 612 258 608 221 603 221"/></Shape>
	    <String CONTENT="102"
                    HPOS="525"
                    VPOS="221"
                    WIDTH="87"
                    HEIGHT="52"></String>
          </TextLine>

          
          
          <TextLine ID="eSc_line_bec55deb"
                    TAGREFS="LT215"
                    BASELINE="532 330 1333 334" 
                    HPOS="529"
                    VPOS="268"
                    WIDTH="804"
                    HEIGHT="76">
            <Shape><Polygon POINTS="1331 285 1310 281 1294 279 1283 283 1057 273 1055 273 1053 273 1051 273 1043 279 1037 285 936 285 907 277 883 271 881 271 879 271 821 275 727 281 532 268 532 330 529 338 1328 344 1333 334 1333 285 1331 285"/></Shape>
	    <String CONTENT="Vnde dies toto plus menſe fuére ſereni"
                    HPOS="529"
                    VPOS="268"
                    WIDTH="804"
                    HEIGHT="76"></String>
          </TextLine>

          
          
          <TextLine ID="eSc_line_c34b6a89"
                    TAGREFS="LT215"
                    BASELINE="525 383 1447 387" 
                    HPOS="521"
                    VPOS="328"
                    WIDTH="925"
                    HEIGHT="78">
            <Shape><Polygon POINTS="953 332 932 332 916 330 842 332 587 338 523 328 523 381 521 394 1441 406 1446 386 1446 342 988 342 965 334 959 332 953 332"/></Shape>
	    <String CONTENT="Hunc prius exueret quàm pars obnoxia læto,"
                    HPOS="521"
                    VPOS="328"
                    WIDTH="925"
                    HEIGHT="78"></String>
          </TextLine>

          
          
          <TextLine ID="eSc_line_3cfef0a1"
                    TAGREFS="LT215"
                    BASELINE="523 437 1409 443" 
                    HPOS="521"
                    VPOS="392"
                    WIDTH="888"
                    HEIGHT="65">
            <Shape><Polygon POINTS="523 437 521 445 1404 457 1409 443 1409 392 523 392 523 437"/></Shape>
	    <String CONTENT="Et totidem ſimili micuere nitore ſequentes,"
                    HPOS="521"
                    VPOS="392"
                    WIDTH="888"
                    HEIGHT="65"></String>
          </TextLine>

          
          
          <TextLine ID="eSc_line_6ca77a04"
                    TAGREFS="LT215"
                    BASELINE="523 490 1456 496" 
                    HPOS="521"
                    VPOS="439"
                    WIDTH="935"
                    HEIGHT="74">
            <Shape><Polygon POINTS="1407 443 1386 443 1365 443 1345 443 1324 443 1304 443 1283 443 1263 443 1242 443 1222 443 1201 443 1181 443 1160 443 1140 443 1119 443 1098 441 1078 441 1057 441 1037 441 1016 441 996 441 975 441 955 441 934 441 914 441 893 441 872 441 852 441 831 441 823 439 523 439 523 490 521 498 1452 513 1456 496 1454 439 1407 439 1407 443"/></Shape>
	    <String CONTENT="Poſtquam ſtellantis rerum potiretur Olympi."
                    HPOS="521"
                    VPOS="439"
                    WIDTH="935"
                    HEIGHT="74"></String>
          </TextLine>

          
          
          <TextLine ID="eSc_line_ac7253f4"
                    TAGREFS="LT215"
                    BASELINE="521 542 1454 550" 
                    HPOS="519"
                    VPOS="498"
                    WIDTH="935"
                    HEIGHT="62">
            <Shape><Polygon POINTS="521 542 519 560 1452 560 1454 550 1450 498 538 498 521 542"/></Shape>
	    <String CONTENT="Nec mirum, quoniam euentus præſaga futuri"
                    HPOS="519"
                    VPOS="498"
                    WIDTH="935"
                    HEIGHT="62"></String>
          </TextLine>

          
          
          <TextLine ID="eSc_line_1b5ac572"
                    TAGREFS="LT215"
                    BASELINE="523 597 1526 605" 
                    HPOS="521"
                    VPOS="544"
                    WIDTH="1005"
                    HEIGHT="72">
            <Shape><Polygon POINTS="1509 589 1489 566 1474 550 1370 560 1363 560 1359 560 1306 550 1304 550 1047 554 875 556 856 550 846 546 844 546 842 546 819 550 776 556 739 548 725 544 723 544 720 544 718 544 716 544 712 546 698 556 585 556 523 544 523 597 521 616 1524 616 1526 605 1520 597 1509 589"/></Shape>
	    <String CONTENT="Signa animas plerun ſolent præcedere magnas,"
                    HPOS="521"
                    VPOS="544"
                    WIDTH="1005"
                    HEIGHT="72"></String>
          </TextLine>

          
          
          <TextLine ID="eSc_line_7701bfcf"
                    TAGREFS="LT215"
                    BASELINE="523 648 1345 655" 
                    HPOS="521"
                    VPOS="601"
                    WIDTH="824"
                    HEIGHT="64">
            <Shape><Polygon POINTS="1324 605 1304 605 1283 605 1279 603 523 601 523 648 521 659 1341 665 1345 655 1343 605 1324 605"/></Shape>
	    <String CONTENT="Membra relicturas poſcenti debita fato,"
                    HPOS="521"
                    VPOS="601"
                    WIDTH="824"
                    HEIGHT="64"></String>
          </TextLine>

          
          
          <TextLine ID="eSc_line_699d5d04"
                    TAGREFS="LT215"
                    BASELINE="521 704 1343 708" 
                    HPOS="519"
                    VPOS="652"
                    WIDTH="824"
                    HEIGHT="64">
            <Shape><Polygon POINTS="916 652 914 652 912 652 536 661 521 704 519 712 1339 716 1343 708 1341 665 936 665 934 663 918 652 916 652"/></Shape>
	    <String CONTENT="Naturæ ſuæ ſubituras congrua regna."
                    HPOS="519"
                    VPOS="652"
                    WIDTH="824"
                    HEIGHT="64"></String>
          </TextLine>

          
          
          <TextLine ID="eSc_line_5dc93e2f"
                    TAGREFS="LT215"
                    BASELINE="521 755 1522 763" 
                    HPOS="519"
                    VPOS="706"
                    WIDTH="1003"
                    HEIGHT="76">
            <Shape><Polygon POINTS="1507 724 1487 720 1474 716 1316 708 1314 708 1312 708 1289 718 1287 718 1283 718 1240 708 1240 708 1220 708 1199 708 1179 708 1158 708 1137 708 1119 708 790 714 774 714 772 714 723 706 706 706 686 706 665 706 644 706 640 706 538 712 521 755 519 765 1517 782 1522 763 1517 745 1507 724"/></Shape>
	    <String CONTENT="Hæc mihi commemoranda, tibi ſcienda putaui,"
                    HPOS="519"
                    VPOS="706"
                    WIDTH="1003"
                    HEIGHT="76"></String>
          </TextLine>

          
          
          <TextLine ID="eSc_line_31f6a7d1"
                    TAGREFS="LT215"
                    BASELINE="521 811 1308 817" 
                    HPOS="519"
                    VPOS="770"
                    WIDTH="789"
                    HEIGHT="53">
            <Shape><Polygon POINTS="521 811 519 819 1304 823 1308 817 1306 770 536 770 521 811"/></Shape>
	    <String CONTENT="Illius ut tempeſtatis non cauſa lateret,"
                    HPOS="519"
                    VPOS="770"
                    WIDTH="789"
                    HEIGHT="53"></String>
          </TextLine>

          
          
          <TextLine ID="eSc_line_0f7b624e"
                    TAGREFS="LT215"
                    BASELINE="523 864 1400 870" 
                    HPOS="521"
                    VPOS="813"
                    WIDTH="879"
                    HEIGHT="65">
            <Shape><Polygon POINTS="523 864 521 870 1396 878 1400 870 1398 821 523 813 523 864"/></Shape>
	    <String CONTENT="Qua tantos ueſtro ſenſiſtis in orbe calores."
                    HPOS="521"
                    VPOS="813"
                    WIDTH="879"
                    HEIGHT="65"></String>
          </TextLine>

          
          
          <TextLine ID="eSc_line_6ebf56f8"
                    TAGREFS="LT215"
                    BASELINE="521 917 1439 924" 
                    HPOS="519"
                    VPOS="866"
                    WIDTH="920"
                    HEIGHT="70">
            <Shape><Polygon POINTS="1431 876 1404 866 1402 866 1400 866 1384 868 1384 870 1380 870 1349 876 1324 870 1322 870 1302 870 1292 870 1279 878 1263 870 1261 870 1240 870 1220 870 1199 870 1179 870 1172 870 1092 874 1084 868 1076 868 1059 868 1035 876 963 868 953 868 932 868 912 868 909 868 881 876 827 866 809 866 788 866 768 866 764 866 718 874 647 866 644 866 624 866 603 866 601 866 591 876 538 876 521 917 519 926 1435 936 1439 924 1439 901 1431 876"/></Shape>
	    <String CONTENT="Finijt, at loqui pariter mihi iuſſit Eraſmum."
                    HPOS="519"
                    VPOS="866"
                    WIDTH="920"
                    HEIGHT="70"></String>
          </TextLine>

          
          
          <TextLine ID="eSc_line_92ef169f"
                    TAGREFS="LT215"
                    BASELINE="519 971 1370 977" 
                    HPOS="517"
                    VPOS="917"
                    WIDTH="853"
                    HEIGHT="66">
            <Shape><Polygon POINTS="1259 924 1238 924 1234 924 1226 930 1224 934 1117 934 1107 928 1092 921 1074 921 1053 921 1037 921 942 926 805 930 788 921 782 919 766 919 745 919 725 919 712 919 575 928 519 917 519 971 517 977 1365 983 1370 977 1368 934 1261 924 1259 924"/></Shape>
	    <String CONTENT="Is tali mox increpitans me uoce profatur."
                    HPOS="517"
                    VPOS="917"
                    WIDTH="853"
                    HEIGHT="66"></String>
          </TextLine>

          
          
          <TextLine ID="eSc_line_8d530aeb"
                    TAGREFS="LT215"
                    BASELINE="521 1022 1458 1028" 
                    HPOS="519"
                    VPOS="973"
                    WIDTH="939"
                    HEIGHT="65">
            <Shape><Polygon POINTS="1363 977 1343 977 1322 977 1302 977 1281 977 1261 977 1240 977 1220 977 1199 977 1179 977 1158 977 1137 977 1117 977 1096 977 1080 975 538 977 521 1022 519 1030 1454 1038 1458 1028 1454 973 1363 973 1363 977"/></Shape>
	    <String CONTENT="Quid ſibi uult amens hæc comploratio noſtri ?"
                    HPOS="519"
                    VPOS="973"
                    WIDTH="939"
                    HEIGHT="65"></String>
          </TextLine>

          
          
          <TextLine ID="eSc_line_69c161f9"
                    TAGREFS="LT215"
                    BASELINE="521 1075 1468 1084" 
                    HPOS="519"
                    VPOS="1024"
                    WIDTH="949"
                    HEIGHT="78">
            <Shape><Polygon POINTS="1158 1028 1150 1026 1103 1034 1076 1036 1049 1034 996 1026 994 1026 973 1026 963 1034 961 1034 957 1034 932 1026 932 1026 918 1026 903 1034 899 1034 889 1034 827 1024 825 1024 823 1024 801 1034 799 1034 790 1026 790 1024 788 1024 786 1024 784 1024 714 1032 647 1024 644 1024 624 1024 612 1024 538 1032 521 1075 519 1086 538 1096 540 1096 542 1096 647 1086 661 1096 663 1096 665 1096 667 1096 735 1086 739 1086 745 1086 807 1098 809 1098 1216 1092 1234 1102 1236 1102 1238 1102 1240 1102 1242 1102 1263 1092 1292 1102 1294 1102 1296 1102 1466 1092 1468 1084 1464 1034 1252 1038 1213 1034 1176 1028 1158 1028"/></Shape>
	    <String CONTENT="Quid te tot lachrymis &amp; tot maleſane querelis"
                    HPOS="519"
                    VPOS="1024"
                    WIDTH="949"
                    HEIGHT="78"></String>
          </TextLine>

          
          
          <TextLine ID="eSc_line_965561ec"
                    TAGREFS="LT215"
                    BASELINE="521 1129 1349 1135" 
                    HPOS="519"
                    VPOS="1078"
                    WIDTH="830"
                    HEIGHT="67">
            <Shape><Polygon POINTS="1343 1084 1322 1084 1302 1084 1281 1084 1261 1084 1240 1084 1220 1082 1199 1082 1191 1082 1183 1084 1158 1090 1129 1084 1117 1082 1096 1082 1076 1082 1072 1082 1055 1086 1031 1090 1008 1086 981 1080 973 1080 953 1080 940 1086 932 1092 846 1092 823 1086 786 1080 768 1080 747 1078 727 1078 720 1078 665 1086 649 1078 644 1078 626 1078 614 1088 614 1090 536 1090 521 1129 519 1137 1345 1145 1349 1135 1347 1084 1343 1084"/></Shape>
	    <String CONTENT="Conficis, &amp; laxas creſcenti frena dolori ?"
                    HPOS="519"
                    VPOS="1078"
                    WIDTH="830"
                    HEIGHT="67"></String>
          </TextLine>

          
          
          <TextLine ID="eSc_line_e4465dd0"
                    TAGREFS="LT215"
                    BASELINE="519 1182 1409 1188" 
                    HPOS="517"
                    VPOS="1133"
                    WIDTH="892"
                    HEIGHT="64">
            <Shape><Polygon POINTS="1341 1135 1320 1135 1300 1135 1279 1135 1259 1135 1238 1135 1218 1135 1197 1135 1176 1135 1156 1135 1135 1135 1115 1135 1094 1135 1074 1135 1053 1133 1033 1133 1012 1133 992 1133 971 1133 951 1133 930 1133 909 1133 889 1133 868 1133 848 1133 827 1133 807 1133 519 1133 519 1182 517 1195 1404 1197 1409 1188 1407 1133 1341 1133 1341 1135"/></Shape>
	    <String CONTENT="Aſpice me, uideor ne tibi ſine munere lucis ?"
                    HPOS="517"
                    VPOS="1133"
                    WIDTH="892"
                    HEIGHT="64"></String>
          </TextLine>

          
          
          <TextLine ID="eSc_line_dcaa7c8f"
                    TAGREFS="LT215"
                    BASELINE="519 1238 1446 1242" 
                    HPOS="517"
                    VPOS="1190"
                    WIDTH="929"
                    HEIGHT="66">
            <Shape><Polygon POINTS="1444 1197 1441 1192 519 1190 519 1238 517 1252 1441 1256 1446 1242 1444 1197 1444 1197"/></Shape>
	    <String CONTENT="Aut magis è fœdo in uitam redijſſe ſepulchro"
                    HPOS="517"
                    VPOS="1190"
                    WIDTH="929"
                    HEIGHT="66"></String>
          </TextLine>

          
          
          <TextLine ID="eSc_line_1a7453b3"
                    TAGREFS="LT215"
                    BASELINE="525 1287 1495 1295" 
                    HPOS="523"
                    VPOS="1240"
                    WIDTH="972"
                    HEIGHT="70">
            <Shape><Polygon POINTS="1491 1258 1480 1248 1353 1242 1351 1242 1349 1242 1324 1248 1310 1252 1275 1248 1216 1242 1203 1242 1187 1242 1174 1248 1172 1250 1168 1248 1156 1242 1142 1242 1121 1242 1045 1248 1010 1250 963 1248 829 1240 813 1240 792 1240 772 1240 751 1240 731 1240 710 1240 690 1240 686 1240 542 1246 525 1287 523 1295 554 1307 556 1307 558 1307 733 1299 792 1310 794 1310 1493 1303 1495 1295 1493 1260 1491 1258"/></Shape>
	    <String CONTENT="Quum poſui quod me corpus mortale tenebat ?"
                    HPOS="523"
                    VPOS="1240"
                    WIDTH="972"
                    HEIGHT="70"></String>
          </TextLine>

          
          
          <TextLine ID="eSc_line_dc201ea8"
                    TAGREFS="LT215"
                    BASELINE="521 1342 1577 1351" 
                    HPOS="519"
                    VPOS="1289"
                    WIDTH="1058"
                    HEIGHT="72">
            <Shape><Polygon POINTS="1567 1349 1548 1307 1544 1305 1497 1295 1495 1295 1296 1303 1271 1295 1261 1295 1248 1293 1131 1303 1129 1303 1127 1303 1086 1293 1084 1293 1082 1293 1080 1293 1078 1293 1061 1303 1035 1293 1035 1293 1014 1293 1004 1291 831 1301 829 1301 809 1291 807 1291 805 1291 803 1291 801 1291 786 1299 776 1291 768 1291 764 1289 745 1301 536 1301 521 1342 519 1355 1573 1361 1577 1351 1575 1346 1567 1349"/></Shape>
	    <String CONTENT="Finge quod ob capitale nephas me carcere uinctum"
                    HPOS="519"
                    VPOS="1289"
                    WIDTH="1058"
                    HEIGHT="72"></String>
          </TextLine>

          
          
          <TextLine ID="eSc_line_06ec6f62"
                    TAGREFS="LT215"
                    BASELINE="521 1396 1345 1402" 
                    HPOS="519"
                    VPOS="1344"
                    WIDTH="826"
                    HEIGHT="70">
            <Shape><Polygon POINTS="1096 1349 1086 1349 1084 1351 1076 1355 1035 1351 992 1346 973 1346 953 1346 932 1346 920 1346 895 1351 883 1353 864 1351 817 1346 809 1346 788 1346 768 1344 747 1344 727 1344 706 1344 686 1344 679 1344 581 1351 562 1344 562 1344 542 1344 521 1396 519 1410 1341 1414 1345 1402 1341 1351 1146 1355 1125 1351 1117 1349 1096 1349"/></Shape>
	    <String CONTENT="Eripiat quiſ, non tu gaudebis amicum"
                    HPOS="519"
                    VPOS="1344"
                    WIDTH="826"
                    HEIGHT="70"></String>
          </TextLine>

          
          
          <TextLine ID="eSc_line_eb479f70"
                    TAGREFS="LT215"
                    BASELINE="521 1447 1517 1453" 
                    HPOS="519"
                    VPOS="1398"
                    WIDTH="998"
                    HEIGHT="68">
            <Shape><Polygon POINTS="1507 1404 1503 1402 1483 1410 1433 1400 1427 1400 1425 1400 1343 1400 1343 1402 1322 1402 1314 1402 887 1408 877 1404 864 1400 850 1400 829 1400 809 1400 790 1398 536 1406 521 1447 519 1457 1513 1466 1517 1453 1511 1406 1507 1404"/></Shape>
	    <String CONTENT="Carnificis fugiſſe manum, mortem pudendam ?"
                    HPOS="519"
                    VPOS="1398"
                    WIDTH="998"
                    HEIGHT="68"></String>
          </TextLine>

          
          
          <TextLine ID="eSc_line_6843effc"
                    TAGREFS="LT215"
                    BASELINE="521 1500 1435 1507" 
                    HPOS="519"
                    VPOS="1449"
                    WIDTH="916"
                    HEIGHT="68">
            <Shape><Polygon POINTS="788 1449 768 1449 747 1449 743 1449 601 1457 599 1457 579 1449 562 1449 560 1449 538 1455 521 1500 519 1509 1431 1517 1435 1507 1431 1453 831 1459 819 1457 790 1449 788 1449"/></Shape>
	    <String CONTENT="Cur non officium præſtas iam plenius illud ?"
                    HPOS="519"
                    VPOS="1449"
                    WIDTH="916"
                    HEIGHT="68"></String>
          </TextLine>

          
          
          <TextLine ID="eSc_line_b69a2760"
                    TAGREFS="LT215"
                    BASELINE="521 1556 1439 1560" 
                    HPOS="519"
                    VPOS="1503"
                    WIDTH="920"
                    HEIGHT="65">
            <Shape><Polygon POINTS="1404 1507 1400 1507 1370 1519 1250 1519 1236 1507 1220 1507 1199 1507 1150 1515 1121 1505 1117 1505 1103 1505 1090 1511 1020 1505 1014 1505 994 1505 973 1505 955 1505 920 1515 872 1505 870 1505 850 1505 829 1505 815 1503 686 1513 667 1503 665 1503 651 1503 632 1517 536 1517 521 1556 519 1562 1435 1568 1439 1560 1439 1519 1415 1507 1404 1507"/></Shape>
	    <String CONTENT="Cum de carceribus mille &amp; de mille cruentis"
                    HPOS="519"
                    VPOS="1503"
                    WIDTH="920"
                    HEIGHT="65"></String>
          </TextLine>

          
          
          <TextLine ID="eSc_line_64d91bf5"
                    TAGREFS="LT215"
                    BASELINE="521 1607 1515 1613" 
                    HPOS="519"
                    VPOS="1556"
                    WIDTH="996"
                    HEIGHT="66">
            <Shape><Polygon POINTS="1507 1572 1487 1566 1466 1560 1464 1556 1425 1558 1425 1560 1404 1560 1396 1560 1246 1568 1236 1568 1216 1560 1199 1560 1189 1560 1174 1566 1168 1560 1158 1560 1137 1560 1117 1560 1096 1560 1076 1560 1055 1560 1035 1560 1014 1560 1000 1560 981 1566 897 1558 891 1558 870 1558 866 1558 858 1564 850 1558 850 1558 829 1558 809 1558 805 1558 749 1564 712 1558 706 1558 686 1558 665 1558 644 1558 624 1558 612 1558 538 1564 521 1607 519 1615 1511 1622 1515 1613 1515 1587 1507 1572"/></Shape>
	    <String CONTENT="Carnificum manibus, mille &amp; de mortibus huius"
                    HPOS="519"
                    VPOS="1556"
                    WIDTH="996"
                    HEIGHT="66"></String>
          </TextLine>

          
          
          <TextLine ID="eSc_line_dedde5f0"
                    TAGREFS="LT215"
                    BASELINE="521 1659 1368 1663" 
                    HPOS="519"
                    VPOS="1609"
                    WIDTH="849"
                    HEIGHT="64">
            <Shape><Polygon POINTS="953 1611 932 1611 912 1611 891 1611 870 1611 850 1609 829 1609 809 1609 788 1609 768 1609 747 1609 739 1609 729 1620 575 1620 554 1609 542 1609 521 1659 519 1671 1363 1673 1368 1663 1365 1620 953 1611 953 1611"/></Shape>
	    <String CONTENT="Ereptus mundi uitam nunc dego beatam,"
                    HPOS="519"
                    VPOS="1609"
                    WIDTH="849"
                    HEIGHT="64"></String>
          </TextLine>

          
          
          <TextLine ID="eSc_line_6ee02edd"
                    TAGREFS="LT215"
                    BASELINE="525 1712 1294 1718" 
                    HPOS="523"
                    VPOS="1661"
                    WIDTH="771"
                    HEIGHT="65">
            <Shape><Polygon POINTS="852 1661 815 1669 801 1671 780 1669 712 1661 710 1661 690 1661 675 1661 603 1669 579 1661 566 1661 562 1661 542 1667 525 1712 523 1722 1289 1726 1294 1718 1289 1667 1066 1673 971 1667 854 1661 852 1661"/></Shape>
	    <String CONTENT="Vitam delicias &amp; cuius gaudia, nullo"
                    HPOS="523"
                    VPOS="1661"
                    WIDTH="771"
                    HEIGHT="65"></String>
          </TextLine>

          
          
          <TextLine ID="eSc_line_4de2ea2a"
                    TAGREFS="LT215"
                    BASELINE="521 1767 1419 1774" 
                    HPOS="519"
                    VPOS="1714"
                    WIDTH="900"
                    HEIGHT="74">
            <Shape><Polygon POINTS="1404 1735 1386 1720 1349 1728 1337 1718 1335 1718 1333 1718 1281 1718 1261 1718 1240 1718 1220 1718 1199 1718 1193 1718 1191 1718 1131 1728 1115 1718 1096 1718 1076 1718 1055 1718 852 1726 825 1716 809 1716 796 1724 780 1714 770 1714 667 1724 636 1714 634 1714 632 1714 630 1714 628 1714 616 1726 536 1726 521 1767 519 1778 1415 1788 1419 1774 1419 1745 1404 1735"/></Shape>
	    <String CONTENT="Interitura die, linguarum quicquid ubi eſt"
                    HPOS="519"
                    VPOS="1714"
                    WIDTH="900"
                    HEIGHT="74"></String>
          </TextLine>

          
          
          <TextLine ID="eSc_line_ffa8b255"
                    TAGREFS="LT215"
                    BASELINE="521 1821 1489 1827" 
                    HPOS="519"
                    VPOS="1769"
                    WIDTH="970"
                    HEIGHT="74">
            <Shape><Polygon POINTS="1466 1782 1464 1780 1166 1774 1158 1774 1137 1774 1127 1772 1086 1772 1076 1772 1055 1772 1035 1772 1014 1772 994 1772 973 1772 969 1772 864 1778 856 1778 854 1778 817 1769 809 1769 788 1769 768 1769 747 1769 745 1769 538 1776 521 1821 519 1837 1485 1843 1489 1827 1483 1794 1466 1782"/></Shape>
	    <String CONTENT="Et fuit, eſt &amp; uenturum, non exprimet unquam,"
                    HPOS="519"
                    VPOS="1769"
                    WIDTH="970"
                    HEIGHT="74"></String>
          </TextLine>

          
          
          <TextLine ID="eSc_line_618e6f61"
                    TAGREFS="LT215"
                    BASELINE="532 1872 1476 1878" 
                    HPOS="529"
                    VPOS="1823"
                    WIDTH="947"
                    HEIGHT="68">
            <Shape><Polygon POINTS="675 1823 655 1823 634 1823 614 1823 593 1823 573 1823 552 1823 532 1823 532 1872 529 1882 1472 1891 1476 1878 1474 1833 688 1823 675 1823"/></Shape>
	    <String CONTENT="Vitam nullius aut oculis aut auribus hauſtam,"
                    HPOS="529"
                    VPOS="1823"
                    WIDTH="947"
                    HEIGHT="68"></String>
          </TextLine>

          
          
          <TextLine ID="eSc_line_f395fb0e"
                    TAGREFS="LT215"
                    BASELINE="523 1926 1425 1934" 
                    HPOS="521"
                    VPOS="1870"
                    WIDTH="904"
                    HEIGHT="74">
            <Shape><Polygon POINTS="1300 1878 1298 1878 1296 1878 1287 1887 1285 1889 1281 1887 1263 1878 1261 1878 1259 1878 1257 1878 1228 1884 1211 1889 1189 1884 1146 1876 1144 1876 1142 1876 1117 1882 1098 1887 1057 1880 1016 1876 1014 1876 1012 1876 1004 1880 992 1887 706 1874 704 1874 702 1874 599 1882 548 1874 544 1874 542 1872 523 1870 523 1926 521 1936 1421 1944 1425 1934 1425 1891 1302 1878 1300 1878"/></Shape>
	    <String CONTENT="Hoc quam more tuo, non me lugere uideris,"
                    HPOS="521"
                    VPOS="1870"
                    WIDTH="904"
                    HEIGHT="74"></String>
          </TextLine>

          
          
          <TextLine ID="eSc_line_aec258ed"
                    TAGREFS="LT215"
                    BASELINE="523 1979 1382 1985" 
                    HPOS="521"
                    VPOS="1923"
                    WIDTH="861"
                    HEIGHT="97">
            <Shape><Polygon POINTS="1037 1932 1016 1932 996 1932 975 1932 955 1930 934 1930 914 1930 893 1930 872 1930 852 1930 831 1930 811 1930 790 1930 770 1930 749 1930 731 1928 560 1934 525 1923 523 1979 521 1997 577 1999 591 2014 593 2014 595 2014 597 2014 599 2014 601 2014 618 2002 714 2012 716 2012 766 2002 770 2002 772 2002 792 2016 794 2016 796 2016 879 2018 881 2018 955 2008 1094 2020 1096 2020 1098 2020 1137 2008 1144 2006 1150 2008 1179 2020 1181 2020 1183 2020 1380 2010 1382 1985 1380 1940 1045 1932 1037 1932"/></Shape>
	    <String CONTENT="In uidere mihi ſortem crudelis opimam."
                    HPOS="521"
                    VPOS="1923"
                    WIDTH="861"
                    HEIGHT="97"></String>
          </TextLine>

          
          
          <TextLine ID="eSc_line_34f36e0b"
                    TAGREFS="LT215"
                    BASELINE="1439 2045 1653 2045" 
                    HPOS="1439"
                    VPOS="1987"
                    WIDTH="214"
                    HEIGHT="86">
            <Shape><Polygon POINTS="1645 2006 1624 1995 1604 1993 1583 1991 1581 1989 1540 1999 1470 1987 1468 1987 1466 1987 1464 1987 1454 1991 1439 2041 1439 2045 1439 2073 1653 2073 1653 2045 1651 2024 1645 2006"/></Shape>
	    <String CONTENT="Mortales"
                    HPOS="1439"
                    VPOS="1987"
                    WIDTH="214"
                    HEIGHT="86"></String>
          </TextLine>

          
        </TextBlock>
        
        <TextBlock HPOS="525"
                   VPOS="221"
                   WIDTH="118"
                   HEIGHT="41"
                   ID="eSc_textblock_64009085"
                   TAGREFS="BT656">
          <Shape><Polygon POINTS="525 221 614 221 643 262 525 262"/></Shape>
          
        </TextBlock>
        
        <TextBlock HPOS="525"
                   VPOS="287"
                   WIDTH="1066"
                   HEIGHT="1731"
                   ID="eSc_textblock_c2760bf4"
                   TAGREFS="BT657">
          <Shape><Polygon POINTS="1337 287 1355 336 1463 352 1463 481 1468 481 1468 540 1534 613 1396 638 1370 696 1534 730 1517 786 1411 804 1476 1002 1476 1090 1419 1131 1460 1229 1591 1344 1468 1379 1534 1420 1526 1468 1460 1511 1460 1558 1517 1576 1526 1624 1404 1648 1370 1706 1501 1806 1493 1887 1436 1957 1394 1957 1394 1994 589 2018 525 1993 525 287"/></Shape>
          
        </TextBlock>
        
        <TextBlock HPOS="1429"
                   VPOS="1984"
                   WIDTH="228"
                   HEIGHT="67"
                   ID="eSc_textblock_550abae3"
                   TAGREFS="BT656">
          <Shape><Polygon POINTS="1624 1995 1657 2012 1649 2051 1446 2051 1429 1998 1501 1998 1501 1984"/></Shape>
          
        </TextBlock>
        

        
      </PrintSpace>
    </Page>
  </Layout>
</alto>
