<?xml version="1.0" encoding="UTF-8"?>
<alto xmlns:xsi="http://www.w3.org/2001/XMLSchema-instance"
      xmlns="http://www.loc.gov/standards/alto/ns-v4#"
      xsi:schemaLocation="http://www.loc.gov/standards/alto/ns-v4# http://www.loc.gov/standards/alto/v4/alto-4-2.xsd">
  <Description>
    <MeasurementUnit>pixel</MeasurementUnit>
    <sourceImageInformation>
      <fileName>Epitaphiorum_ac_tumulorum_libellus_quibus_Des_Erasmi_Roterodami_mors_defletur.pdf_page_17.png</fileName>
      
    </sourceImageInformation>
  </Description>
  
  <Tags>
    <OtherTag ID="BT656" LABEL="NumberingZone" DESCRIPTION="block type NumberingZone"/><OtherTag ID="BT657" LABEL="MainZone" DESCRIPTION="block type MainZone"/><OtherTag ID="BT658" LABEL="DropCapitalZone" DESCRIPTION="block type DropCapitalZone"/><OtherTag ID="BT659" LABEL="RunningTitleZone" DESCRIPTION="block type RunningTitleZone"/>
    <OtherTag ID="LT214" LABEL="HeadingLine" DESCRIPTION="line type HeadingLine"/><OtherTag ID="LT215" LABEL="DefaultLine" DESCRIPTION="line type DefaultLine"/><OtherTag ID="LT216" LABEL="DropCapitalLine" DESCRIPTION="line type DropCapitalLine"/>
  </Tags>
  
  <Layout>
    <Page WIDTH="1748"
          HEIGHT="2464"
          PHYSICAL_IMG_NR="4"
          ID="eSc_dummypage_">
      <PrintSpace HPOS="0"
                  VPOS="0"
                  WIDTH="1748"
                  HEIGHT="2464">
        
        <TextBlock HPOS="525"
                   VPOS="213"
                   WIDTH="128"
                   HEIGHT="49"
                   ID="eSc_textblock_2c165dbf"
                   TAGREFS="BT656">
          <Shape><Polygon POINTS="605 221 653 262 525 262 525 213"/></Shape>
          
          
          <TextLine ID="eSc_line_09cf49d9"
                    TAGREFS="LT215"
                    BASELINE="948 258 1312 258" 
                    HPOS="948"
                    VPOS="213"
                    WIDTH="364"
                    HEIGHT="68">
            <Shape><Polygon POINTS="1298 213 1277 213 1257 213 1236 213 1216 213 1195 213 1174 213 1154 213 1133 213 1113 213 1092 213 1072 213 1051 213 1031 213 1010 213 990 213 969 213 948 217 948 258 948 281 1312 281 1312 258 1312 219 1298 213"/></Shape>
	    <String CONTENT="APOTHEOSIS"
                    HPOS="948"
                    VPOS="213"
                    WIDTH="364"
                    HEIGHT="68"></String>
          </TextLine>

          
          
          <TextLine ID="eSc_line_e2998335"
                    TAGREFS="LT215"
                    BASELINE="527 260 610 260" 
                    HPOS="527"
                    VPOS="215"
                    WIDTH="83"
                    HEIGHT="66">
            <Shape><Polygon POINTS="589 219 568 217 548 215 527 215 527 260 527 281 610 281 610 260 610 225 589 219"/></Shape>
	    <String CONTENT="100"
                    HPOS="527"
                    VPOS="215"
                    WIDTH="83"
                    HEIGHT="66"></String>
          </TextLine>

          
          
          <TextLine ID="eSc_line_ba65e14c"
                    TAGREFS="LT215"
                    BASELINE="527 330 1415 326" 
                    HPOS="525"
                    VPOS="266"
                    WIDTH="890"
                    HEIGHT="81">
            <Shape><Polygon POINTS="1409 291 1388 285 1368 279 1347 273 1341 266 1337 266 1335 266 1333 266 1331 266 1310 279 1261 268 1259 268 1119 279 1082 266 1080 266 1078 266 1006 279 977 266 975 266 973 266 907 281 899 283 862 283 860 281 850 271 833 273 825 273 792 281 786 281 780 281 745 275 731 275 710 277 690 277 669 277 665 273 599 281 589 281 587 281 556 268 554 268 552 268 550 268 525 277 527 330 527 342 1411 347 1415 326 1411 291 1409 291"/></Shape>
	    <String CONTENT="Ore ſuo graue ſacrilegos culparet ob auſus,"
                    HPOS="525"
                    VPOS="266"
                    WIDTH="890"
                    HEIGHT="81"></String>
          </TextLine>

          
          
          <TextLine ID="eSc_line_37924bd6"
                    TAGREFS="LT215"
                    BASELINE="525 386 1296 379" 
                    HPOS="525"
                    VPOS="328"
                    WIDTH="771"
                    HEIGHT="70">
            <Shape><Polygon POINTS="1242 328 1240 328 1230 336 1230 338 1148 338 1148 336 1135 328 1119 328 1117 328 1080 336 1061 328 1057 328 1045 328 1014 338 1012 338 1002 338 899 330 893 330 872 330 852 330 842 330 690 340 669 330 667 330 647 330 626 330 605 330 585 330 564 330 550 330 548 330 546 330 544 330 525 386 525 398 1294 392 1296 379 1292 336 1255 328 1242 328"/></Shape>
	    <String CONTENT="Et diuina Euangelicæ myſteria cauſæ"
                    HPOS="525"
                    VPOS="328"
                    WIDTH="771"
                    HEIGHT="70"></String>
          </TextLine>

          
          
          <TextLine ID="eSc_line_72d0729f"
                    TAGREFS="LT215"
                    BASELINE="525 437 1454 433" 
                    HPOS="525"
                    VPOS="383"
                    WIDTH="929"
                    HEIGHT="72">
            <Shape><Polygon POINTS="1448 392 1137 383 1135 383 540 394 525 437 525 455 1452 453 1454 433 1450 394 1448 392"/></Shape>
	    <String CONTENT="Diuulganda mihi gentes mandaret in omnes,"
                    HPOS="525"
                    VPOS="383"
                    WIDTH="929"
                    HEIGHT="72"></String>
          </TextLine>

          
          
          <TextLine ID="eSc_line_e8d72947"
                    TAGREFS="LT215"
                    BASELINE="525 490 1370 490" 
                    HPOS="525"
                    VPOS="449"
                    WIDTH="845"
                    HEIGHT="54">
            <Shape><Polygon POINTS="525 490 525 503 1370 503 1370 490 1370 449 540 449 525 490"/></Shape>
	    <String CONTENT="Ex quo dicor earundem cognomine trito"
                    HPOS="525"
                    VPOS="449"
                    WIDTH="845"
                    HEIGHT="54"></String>
          </TextLine>

          
          
          <TextLine ID="eSc_line_ece11265"
                    TAGREFS="LT215"
                    BASELINE="525 546 1622 540" 
                    HPOS="525"
                    VPOS="486"
                    WIDTH="1097"
                    HEIGHT="82">
            <Shape><Polygon POINTS="1612 505 1591 501 1571 498 1556 494 1365 486 1365 492 1345 492 1324 492 1310 496 1289 492 1283 492 1263 492 1246 492 1236 498 1201 492 1201 492 1181 492 1160 492 1140 492 1135 492 1076 498 1057 492 1057 492 1037 492 1016 492 996 492 988 492 881 501 870 492 852 492 819 501 796 492 790 492 770 492 762 492 659 501 634 492 626 492 612 492 579 501 556 492 544 492 525 546 525 558 780 558 794 560 825 568 827 568 829 568 831 568 846 560 852 558 887 560 942 566 944 566 977 562 1010 556 1016 562 1020 564 1020 566 1022 566 1024 566 1027 568 1164 568 1164 566 1166 566 1168 566 1172 562 1183 556 1228 562 1252 566 1255 566 1273 564 1316 554 1337 564 1339 564 1341 564 1343 566 1620 566 1622 540 1618 505 1612 505"/></Shape>
	    <String CONTENT="Doctor: &amp; hic (ſtantem extento ſimul indice monſtrat"
                    HPOS="525"
                    VPOS="486"
                    WIDTH="1097"
                    HEIGHT="82"></String>
          </TextLine>

          
          
          <TextLine ID="eSc_line_4d36eb27"
                    TAGREFS="LT215"
                    BASELINE="532 597 1433 593" 
                    HPOS="529"
                    VPOS="546"
                    WIDTH="904"
                    HEIGHT="67">
            <Shape><Polygon POINTS="532 597 532 607 1429 613 1433 593 1427 546 529 546 532 597"/></Shape>
	    <String CONTENT="Ternum à ſe numero) ſacrati nominis heros"
                    HPOS="529"
                    VPOS="546"
                    WIDTH="904"
                    HEIGHT="67"></String>
          </TextLine>

          
          
          <TextLine ID="eSc_line_e7b980e5"
                    TAGREFS="LT215"
                    BASELINE="525 650 1435 650" 
                    HPOS="525"
                    VPOS="607"
                    WIDTH="910"
                    HEIGHT="60">
            <Shape><Polygon POINTS="1429 646 1413 607 542 607 525 650 525 661 1433 667 1435 650 1431 642 1429 646"/></Shape>
	    <String CONTENT="Euſebio patre Dalmaticis prognatus in oris."
                    HPOS="525"
                    VPOS="607"
                    WIDTH="910"
                    HEIGHT="60"></String>
          </TextLine>

          
          
          <TextLine ID="eSc_line_a2a340c7"
                    TAGREFS="LT215"
                    BASELINE="525 706 1337 702" 
                    HPOS="525"
                    VPOS="652"
                    WIDTH="812"
                    HEIGHT="64">
            <Shape><Polygon POINTS="1160 652 1140 652 1119 652 1098 652 1078 652 1057 652 1039 652 932 661 926 661 907 652 893 652 883 652 823 661 821 661 749 652 749 652 729 652 723 652 706 661 673 652 667 652 647 652 587 661 568 652 564 652 552 652 542 657 525 706 525 716 1335 712 1337 702 1333 661 1172 652 1160 652"/></Shape>
	    <String CONTENT="Huc ad te Rex ſyderea cœleſtis ab aula,"
                    HPOS="525"
                    VPOS="652"
                    WIDTH="812"
                    HEIGHT="64"></String>
          </TextLine>

          
          
          <TextLine ID="eSc_line_f20647a2"
                    TAGREFS="LT215"
                    BASELINE="525 755 1413 759" 
                    HPOS="523"
                    VPOS="704"
                    WIDTH="890"
                    HEIGHT="76">
            <Shape><Polygon POINTS="1306 704 1285 704 1265 704 1244 704 1224 704 1203 704 1183 704 1176 704 1174 704 1109 716 1066 704 1064 704 1061 704 979 714 965 704 963 704 961 704 959 704 957 704 934 714 901 706 895 706 875 706 868 706 842 716 593 716 583 706 566 706 558 706 542 710 525 755 523 763 628 778 630 778 684 767 720 778 723 778 725 778 805 767 840 778 842 778 844 778 1150 770 1160 778 1160 780 1162 780 1164 780 1166 780 1411 767 1413 759 1411 718 1349 704 1326 704 1306 704"/></Shape>
	    <String CONTENT="Nos geminos teſtes pro diuo miſit Eraſmo,"
                    HPOS="523"
                    VPOS="704"
                    WIDTH="890"
                    HEIGHT="76"></String>
          </TextLine>

          
          
          <TextLine ID="eSc_line_5806b656"
                    TAGREFS="LT215"
                    BASELINE="525 813 1460 809" 
                    HPOS="525"
                    VPOS="757"
                    WIDTH="935"
                    HEIGHT="74">
            <Shape><Polygon POINTS="1452 767 1390 759 1386 759 1365 759 1353 759 1341 770 1187 770 1117 759 1098 759 1078 759 1068 767 1031 759 1016 759 996 759 990 759 944 770 942 770 940 770 836 759 833 759 831 759 829 759 811 772 644 772 626 757 624 757 622 757 605 757 585 757 564 757 562 757 560 757 558 757 540 765 525 813 525 827 1456 831 1460 809 1458 798 1452 767"/></Shape>
	    <String CONTENT="Huius ut extremum poſſis differre per orbem"
                    HPOS="525"
                    VPOS="757"
                    WIDTH="935"
                    HEIGHT="74"></String>
          </TextLine>

          
          
          <TextLine ID="eSc_line_637f11ec"
                    TAGREFS="LT215"
                    BASELINE="525 866 1394 862" 
                    HPOS="525"
                    VPOS="811"
                    WIDTH="869"
                    HEIGHT="65">
            <Shape><Polygon POINTS="1162 811 1160 811 1018 821 940 813 938 813 936 813 934 813 934 815 924 823 548 813 546 813 544 813 525 866 525 876 1392 872 1394 862 1390 823 1197 823 1164 811 1162 811"/></Shape>
	    <String CONTENT="Indicio noſtro, præclaram numine ſortem,"
                    HPOS="525"
                    VPOS="811"
                    WIDTH="869"
                    HEIGHT="65"></String>
          </TextLine>

          
          
          <TextLine ID="eSc_line_b71fa234"
                    TAGREFS="LT215"
                    BASELINE="527 919 1554 919" 
                    HPOS="527"
                    VPOS="868"
                    WIDTH="1027"
                    HEIGHT="68">
            <Shape><Polygon POINTS="527 919 527 932 1552 936 1554 919 1534 872 527 868 527 919"/></Shape>
	    <String CONTENT="Quod ſit ad Ambroſias epulas Nectar perhenne"
                    HPOS="527"
                    VPOS="868"
                    WIDTH="1027"
                    HEIGHT="68"></String>
          </TextLine>

          
          
          <TextLine ID="eSc_line_b0b2e0d4"
                    TAGREFS="LT215"
                    BASELINE="527 973 1417 967" 
                    HPOS="525"
                    VPOS="919"
                    WIDTH="892"
                    HEIGHT="76">
            <Shape><Polygon POINTS="1326 921 1306 921 1285 921 1265 921 1244 921 1224 921 1203 921 1183 921 1162 921 1142 921 1121 921 1100 921 1080 921 1059 921 1045 921 784 930 591 921 587 921 566 921 546 921 536 919 525 928 527 973 527 985 764 995 766 995 858 985 877 983 881 985 901 993 903 993 905 993 1415 981 1417 967 1413 928 1328 921 1326 921"/></Shape>
	    <String CONTENT="Admiſſus nouus æterni conuiua Tonantis"
                    HPOS="525"
                    VPOS="919"
                    WIDTH="892"
                    HEIGHT="76"></String>
          </TextLine>

          
          
          <TextLine ID="eSc_line_3d014fac"
                    TAGREFS="LT215"
                    BASELINE="527 1026 1517 1022" 
                    HPOS="525"
                    VPOS="981"
                    WIDTH="992"
                    HEIGHT="64">
            <Shape><Polygon POINTS="527 1026 527 1038 1513 1045 1517 1022 1513 981 525 981 527 1026"/></Shape>
	    <String CONTENT="Proximus accumbens gratiſſimus aduena nobis"
                    HPOS="525"
                    VPOS="981"
                    WIDTH="992"
                    HEIGHT="64"></String>
          </TextLine>

          
          
          <TextLine ID="eSc_line_400b2764"
                    TAGREFS="LT215"
                    BASELINE="527 1080 1515 1075" 
                    HPOS="525"
                    VPOS="1028"
                    WIDTH="990"
                    HEIGHT="72">
            <Shape><Polygon POINTS="527 1080 527 1090 870 1090 889 1094 912 1100 914 1100 916 1100 918 1100 920 1100 928 1094 936 1090 973 1094 1016 1100 1018 1100 1070 1096 1144 1088 1193 1096 1205 1098 1207 1098 1209 1098 1216 1096 1240 1088 1250 1096 1250 1098 1252 1098 1255 1098 1257 1098 1259 1098 1261 1098 1261 1096 1275 1088 1300 1098 1302 1098 1304 1098 1306 1100 1513 1100 1515 1075 1511 1034 525 1028 527 1080"/></Shape>
	    <String CONTENT="Inter &amp; hunc &amp; me medius, nos ordine quo iam"
                    HPOS="525"
                    VPOS="1028"
                    WIDTH="990"
                    HEIGHT="72"></String>
          </TextLine>

          
          
          <TextLine ID="eSc_line_536a9ede"
                    TAGREFS="LT215"
                    BASELINE="529 1133 1419 1133" 
                    HPOS="529"
                    VPOS="1090"
                    WIDTH="890"
                    HEIGHT="53">
            <Shape><Polygon POINTS="529 1133 529 1141 1417 1143 1419 1133 1419 1090 529 1090 529 1133"/></Shape>
	    <String CONTENT="Coràm ſtare uides, ſupera regione ſedemus."
                    HPOS="529"
                    VPOS="1090"
                    WIDTH="890"
                    HEIGHT="53"></String>
          </TextLine>

          
          
          <TextLine ID="eSc_line_4546280d"
                    TAGREFS="LT215"
                    BASELINE="527 1184 1532 1184" 
                    HPOS="527"
                    VPOS="1133"
                    WIDTH="1005"
                    HEIGHT="74">
            <Shape><Polygon POINTS="918 1135 897 1135 877 1135 856 1135 836 1135 815 1135 794 1135 774 1135 753 1135 733 1135 712 1135 692 1135 671 1135 651 1135 630 1135 610 1135 589 1135 568 1135 548 1135 527 1133 527 1184 527 1197 1530 1207 1532 1184 1532 1141 928 1135 918 1135"/></Shape>
	    <String CONTENT="Hic, rurſum digito oſtendens Hieronymon, annis"
                    HPOS="527"
                    VPOS="1133"
                    WIDTH="1005"
                    HEIGHT="74"></String>
          </TextLine>

          
          
          <TextLine ID="eSc_line_25f0898e"
                    TAGREFS="LT215"
                    BASELINE="527 1238 1392 1238" 
                    HPOS="527"
                    VPOS="1186"
                    WIDTH="865"
                    HEIGHT="64">
            <Shape><Polygon POINTS="692 1186 671 1186 651 1186 630 1186 610 1186 589 1186 568 1186 548 1186 527 1186 527 1238 527 1250 1392 1250 1392 1238 1392 1195 700 1186 692 1186"/></Shape>
	    <String CONTENT="Iuxta me ſedem tenuit plus mille, ſed ultro"
                    HPOS="527"
                    VPOS="1186"
                    WIDTH="865"
                    HEIGHT="64"></String>
          </TextLine>

          
          
          <TextLine ID="eSc_line_9363edfe"
                    TAGREFS="LT215"
                    BASELINE="529 1289 1433 1293" 
                    HPOS="527"
                    VPOS="1240"
                    WIDTH="906"
                    HEIGHT="72">
            <Shape><Polygon POINTS="1248 1240 1228 1240 1207 1240 1187 1240 1185 1242 1176 1250 1043 1250 1020 1240 1004 1240 985 1248 977 1240 961 1240 944 1240 920 1246 879 1240 879 1240 858 1240 840 1240 827 1248 603 1248 560 1240 550 1240 529 1240 529 1289 527 1299 612 1312 614 1312 1431 1310 1433 1293 1431 1246 1252 1240 1248 1240"/></Shape>
	    <String CONTENT="Nunc multum ſibi dilecto conceſſit Eraſmo."
                    HPOS="527"
                    VPOS="1240"
                    WIDTH="906"
                    HEIGHT="72"></String>
          </TextLine>

          
          
          <TextLine ID="eSc_line_0fc37425"
                    TAGREFS="LT215"
                    BASELINE="532 1346 1411 1346" 
                    HPOS="532"
                    VPOS="1291"
                    WIDTH="879"
                    HEIGHT="74">
            <Shape><Polygon POINTS="1374 1293 1361 1293 1345 1301 1326 1293 1312 1293 1310 1293 1302 1301 1252 1293 1250 1293 1230 1293 1224 1293 1172 1301 1170 1301 1168 1301 1146 1293 1127 1293 1103 1301 1098 1303 905 1303 903 1299 893 1291 891 1291 889 1291 887 1291 827 1299 811 1301 788 1299 704 1291 702 1291 700 1291 698 1291 688 1299 686 1301 681 1299 661 1291 659 1291 657 1291 532 1297 532 1346 532 1357 1409 1365 1411 1346 1411 1301 1380 1293 1374 1293"/></Shape>
	    <String CONTENT="Cur faciat, quid ſe moueat, reſpondeat ipſe."
                    HPOS="532"
                    VPOS="1291"
                    WIDTH="879"
                    HEIGHT="74"></String>
          </TextLine>

          
          
          <TextLine ID="eSc_line_4c10ad25"
                    TAGREFS="LT215"
                    BASELINE="529 1398 1487 1398" 
                    HPOS="529"
                    VPOS="1349"
                    WIDTH="958"
                    HEIGHT="69">
            <Shape><Polygon POINTS="1474 1361 1466 1357 1333 1357 1333 1355 1324 1349 1310 1349 1306 1349 1298 1355 1298 1357 1119 1357 1117 1355 1109 1349 1105 1349 1084 1349 1082 1349 1061 1355 1053 1349 1043 1349 1024 1349 1004 1355 1002 1355 992 1349 981 1349 965 1349 946 1355 944 1355 932 1349 920 1349 907 1349 893 1355 891 1355 879 1349 879 1349 858 1349 846 1349 813 1355 807 1357 741 1357 739 1355 733 1349 714 1349 706 1355 694 1355 642 1349 632 1349 612 1349 591 1349 575 1349 529 1353 529 1398 529 1414 1485 1418 1487 1398 1487 1367 1474 1361"/></Shape>
	    <String CONTENT="Ad quem tum docta ſic Dalmata uoce locutus."
                    HPOS="529"
                    VPOS="1349"
                    WIDTH="958"
                    HEIGHT="69"></String>
          </TextLine>

          
          
          <TextLine ID="eSc_line_47b3ced3"
                    TAGREFS="LT215"
                    BASELINE="529 1451 1433 1451" 
                    HPOS="529"
                    VPOS="1406"
                    WIDTH="904"
                    HEIGHT="62">
            <Shape><Polygon POINTS="529 1451 529 1461 1431 1468 1433 1451 1433 1410 529 1406 529 1451"/></Shape>
	    <String CONTENT="Paule docet nos res maioribus ipſa minores"
                    HPOS="529"
                    VPOS="1406"
                    WIDTH="904"
                    HEIGHT="62"></String>
          </TextLine>

          
          
          <TextLine ID="eSc_line_b4c1272f"
                    TAGREFS="LT215"
                    BASELINE="529 1505 1472 1500" 
                    HPOS="527"
                    VPOS="1453"
                    WIDTH="945"
                    HEIGHT="70">
            <Shape><Polygon POINTS="1205 1453 1197 1453 1193 1457 1168 1453 1164 1453 1144 1453 1123 1453 1103 1453 1100 1453 1084 1457 1080 1457 1078 1457 1051 1453 1041 1453 1020 1453 1000 1453 979 1453 959 1457 942 1461 858 1461 854 1457 850 1453 836 1453 827 1453 819 1457 811 1459 788 1457 757 1453 753 1453 733 1453 712 1453 692 1453 671 1453 651 1453 630 1453 624 1453 527 1455 529 1505 529 1517 1470 1523 1472 1500 1468 1459 1224 1459 1224 1457 1218 1453 1205 1453"/></Shape>
	    <String CONTENT="Debere &amp; meritum deferre libenter honorem."
                    HPOS="527"
                    VPOS="1453"
                    WIDTH="945"
                    HEIGHT="70"></String>
          </TextLine>

          
          
          <TextLine ID="eSc_line_656b168a"
                    TAGREFS="LT215"
                    BASELINE="529 1558 1343 1554" 
                    HPOS="527"
                    VPOS="1503"
                    WIDTH="816"
                    HEIGHT="73">
            <Shape><Polygon POINTS="1164 1503 1156 1511 1154 1511 1133 1509 1043 1503 1041 1503 1020 1503 1000 1503 963 1509 932 1513 918 1507 909 1505 897 1505 891 1505 885 1507 870 1513 527 1505 529 1558 529 1568 1339 1576 1343 1554 1339 1513 1191 1513 1189 1511 1181 1503 1164 1503"/></Shape>
	    <String CONTENT="Eſto locus fuerit, ſummi ſapientia patris"
                    HPOS="527"
                    VPOS="1503"
                    WIDTH="816"
                    HEIGHT="73"></String>
          </TextLine>

          
          
          <TextLine ID="eSc_line_178cc35b"
                    TAGREFS="LT215"
                    BASELINE="527 1609 1466 1613" 
                    HPOS="525"
                    VPOS="1558"
                    WIDTH="941"
                    HEIGHT="76">
            <Shape><Polygon POINTS="1462 1566 527 1558 527 1609 525 1618 599 1632 601 1632 603 1632 647 1622 663 1632 665 1632 667 1632 669 1632 671 1632 696 1622 850 1622 877 1622 893 1632 895 1632 897 1632 899 1632 961 1622 963 1622 965 1622 1008 1634 1010 1634 1012 1634 1464 1624 1466 1613 1464 1576 1462 1566"/></Shape>
	    <String CONTENT="Dum tulit, iſte meus, ſed poſt nomine maior"
                    HPOS="525"
                    VPOS="1558"
                    WIDTH="941"
                    HEIGHT="76"></String>
          </TextLine>

          
          
          <TextLine ID="eSc_line_9839a106"
                    TAGREFS="LT215"
                    BASELINE="529 1665 1335 1661" 
                    HPOS="527"
                    VPOS="1611"
                    WIDTH="808"
                    HEIGHT="70">
            <Shape><Polygon POINTS="1267 1613 1246 1613 1226 1613 1205 1613 1185 1613 1170 1613 1146 1618 1140 1618 1137 1618 1127 1613 1123 1613 1103 1613 1082 1613 1061 1613 1041 1613 1037 1613 990 1618 981 1618 979 1618 969 1611 959 1611 940 1611 916 1618 903 1620 889 1618 852 1611 836 1611 831 1611 815 1618 809 1620 790 1618 735 1611 733 1611 712 1611 692 1611 675 1611 527 1618 529 1665 529 1675 1331 1681 1335 1661 1331 1618 1281 1613 1267 1613"/></Shape>
	    <String CONTENT="Et meritis me ſurrexit, me cedere fas eſt"
                    HPOS="527"
                    VPOS="1611"
                    WIDTH="808"
                    HEIGHT="70"></String>
          </TextLine>

          
          
          <TextLine ID="eSc_line_77ce7aba"
                    TAGREFS="LT215"
                    BASELINE="529 1714 1448 1720" 
                    HPOS="527"
                    VPOS="1665"
                    WIDTH="921"
                    HEIGHT="74">
            <Shape><Polygon POINTS="1441 1675 1000 1665 998 1665 951 1667 860 1673 844 1665 838 1665 817 1665 796 1665 778 1665 601 1671 558 1665 550 1665 529 1665 529 1714 527 1724 575 1737 577 1739 1446 1739 1448 1720 1446 1704 1441 1675"/></Shape>
	    <String CONTENT="Illi qui non noſtra modo monumenta recepit"
                    HPOS="527"
                    VPOS="1665"
                    WIDTH="921"
                    HEIGHT="74"></String>
          </TextLine>

          
          
          <TextLine ID="eSc_line_30ba0c78"
                    TAGREFS="LT215"
                    BASELINE="529 1765 1370 1769" 
                    HPOS="527"
                    VPOS="1716"
                    WIDTH="843"
                    HEIGHT="74">
            <Shape><Polygon POINTS="716 1716 714 1716 702 1716 581 1724 540 1716 529 1716 529 1765 527 1778 1365 1790 1370 1769 1368 1728 718 1716 716 1716"/></Shape>
	    <String CONTENT="E tenebris, carie, mendis, ſquallore, ſitu:"
                    HPOS="527"
                    VPOS="1716"
                    WIDTH="843"
                    HEIGHT="74"></String>
          </TextLine>

          
          
          <TextLine ID="eSc_line_fbd25694"
                    TAGREFS="LT215"
                    BASELINE="536 1819 1419 1825" 
                    HPOS="534"
                    VPOS="1767"
                    WIDTH="885"
                    HEIGHT="76">
            <Shape><Polygon POINTS="536 1819 534 1829 593 1841 595 1843 1417 1843 1419 1825 1417 1780 595 1780 536 1767 536 1819"/></Shape>
	    <String CONTENT="Verumetiam multo iam lucidiora leguntur"
                    HPOS="534"
                    VPOS="1767"
                    WIDTH="885"
                    HEIGHT="76"></String>
          </TextLine>

          
          
          <TextLine ID="eSc_line_507e593c"
                    TAGREFS="LT215"
                    BASELINE="527 1874 1507 1882" 
                    HPOS="525"
                    VPOS="1819"
                    WIDTH="982"
                    HEIGHT="76">
            <Shape><Polygon POINTS="1493 1835 938 1823 936 1823 895 1825 796 1831 778 1823 774 1821 772 1821 770 1821 753 1821 735 1821 589 1829 527 1819 527 1874 525 1895 1505 1895 1507 1882 1503 1864 1493 1835"/></Shape>
	    <String CONTENT="Eius ope inſigni, quàm quondam ſcripta reliqui."
                    HPOS="525"
                    VPOS="1819"
                    WIDTH="982"
                    HEIGHT="76"></String>
          </TextLine>

          
          
          <TextLine ID="eSc_line_2ffae89a"
                    TAGREFS="LT215"
                    BASELINE="529 1930 1450 1934" 
                    HPOS="527"
                    VPOS="1884"
                    WIDTH="923"
                    HEIGHT="66">
            <Shape><Polygon POINTS="529 1930 527 1938 1446 1950 1450 1934 1448 1889 529 1884 529 1930"/></Shape>
	    <String CONTENT="Sed quid plura, fuit Chriſto creſcente neceſſe"
                    HPOS="527"
                    VPOS="1884"
                    WIDTH="923"
                    HEIGHT="66"></String>
          </TextLine>

          
          
          <TextLine ID="eSc_line_9d171e7e"
                    TAGREFS="LT215"
                    BASELINE="527 1983 1456 1987" 
                    HPOS="515"
                    VPOS="1932"
                    WIDTH="941"
                    HEIGHT="88">
            <Shape><Polygon POINTS="1400 1934 1328 1944 1226 1934 1205 1934 1195 1934 1162 1944 1131 1934 1123 1934 1113 1934 1094 1946 1057 1934 1041 1934 1020 1942 936 1932 918 1932 909 1932 893 1942 856 1932 854 1932 852 1932 792 1942 725 1932 712 1932 702 1932 521 1938 529 1987 531 1984 515 1983 522 1984 515 1983 524 1981 536 1981 527 1983 525 2002 589 2016 591 2016 563 2018 698 2016 698 2018 700 2018 702 2018 704 2018 706 2018 708 2018 725 2006 743 2016 745 2016 747 2016 868 2008 879 2016 879 2018 881 2018 883 2018 885 2018 967 2008 988 2020 990 2020 992 2020 994 2020 996 2020 1031 2008 1076 2020 1078 2020 1080 2020 1203 2010 1433 2020 1435 2020 1437 2020 1439 2020 1454 2008 1456 1987 1456 1950 1423 1934 1411 1934"/></Shape>
	    <String CONTENT="Hunc minui qui uelabat ſua membra camelo."
                    HPOS="515"
                    VPOS="1932"
                    WIDTH="941"
                    HEIGHT="88"></String>
          </TextLine>

          
          
          <TextLine ID="eSc_line_06b54a38"
                    TAGREFS="LT215"
                    BASELINE="1497 2045 1655 2045" 
                    HPOS="1497"
                    VPOS="1989"
                    WIDTH="158"
                    HEIGHT="76">
            <Shape><Polygon POINTS="1641 2002 1635 1999 1497 1989 1497 2045 1497 2065 1655 2059 1655 2045 1651 2028 1641 2002"/></Shape>
	    <String CONTENT="His ta/"
                    HPOS="1497"
                    VPOS="1989"
                    WIDTH="158"
                    HEIGHT="76"></String>
          </TextLine>

          
        </TextBlock>
        
        <TextBlock HPOS="525"
                   VPOS="272"
                   WIDTH="1107"
                   HEIGHT="1730"
                   ID="eSc_textblock_2eec0c7e"
                   TAGREFS="BT657">
          <Shape><Polygon POINTS="913 284 1386 284 1427 295 1427 367 1468 410 1446 476 1632 509 1624 556 1462 572 1419 689 1468 772 1444 852 1559 878 1559 934 1517 952 1542 1188 1444 1223 1460 1287 1435 1336 1493 1371 1493 1410 1435 1796 1517 1848 1502 1910 1482 1910 1482 1968 1463 1968 1463 2002 525 1985 525 284 719 284 719 277 886 272 886 281 913 281"/></Shape>
          
        </TextBlock>
        
        <TextBlock HPOS="935"
                   VPOS="213"
                   WIDTH="400"
                   HEIGHT="49"
                   ID="eSc_textblock_b3aea7bb"
                   TAGREFS="BT659">
          <Shape><Polygon POINTS="953 213 1312 213 1335 262 935 262 935 237"/></Shape>
          
        </TextBlock>
        
        <TextBlock HPOS="1495"
                   VPOS="1984"
                   WIDTH="162"
                   HEIGHT="67"
                   ID="eSc_textblock_62e1f0d2"
                   TAGREFS="BT656">
          <Shape><Polygon POINTS="1529 1984 1649 2004 1657 2051 1495 2051 1495 1984"/></Shape>
          
        </TextBlock>
        

        
      </PrintSpace>
    </Page>
  </Layout>
</alto>
