<?xml version="1.0" encoding="UTF-8"?>
<alto xmlns:xsi="http://www.w3.org/2001/XMLSchema-instance"
      xmlns="http://www.loc.gov/standards/alto/ns-v4#"
      xsi:schemaLocation="http://www.loc.gov/standards/alto/ns-v4# http://www.loc.gov/standards/alto/v4/alto-4-2.xsd">
  <Description>
    <MeasurementUnit>pixel</MeasurementUnit>
    <sourceImageInformation>
      <fileName>Epitaphiorum_ac_tumulorum_libellus_quibus_Des_Erasmi_Roterodami_mors_defletur.pdf_page_14.png</fileName>
      
    </sourceImageInformation>
  </Description>
  
  <Tags>
    <OtherTag ID="BT656" LABEL="NumberingZone" DESCRIPTION="block type NumberingZone"/><OtherTag ID="BT657" LABEL="MainZone" DESCRIPTION="block type MainZone"/><OtherTag ID="BT658" LABEL="DropCapitalZone" DESCRIPTION="block type DropCapitalZone"/><OtherTag ID="BT659" LABEL="RunningTitleZone" DESCRIPTION="block type RunningTitleZone"/>
    <OtherTag ID="LT214" LABEL="HeadingLine" DESCRIPTION="line type HeadingLine"/><OtherTag ID="LT215" LABEL="DefaultLine" DESCRIPTION="line type DefaultLine"/><OtherTag ID="LT216" LABEL="DropCapitalLine" DESCRIPTION="line type DropCapitalLine"/>
  </Tags>
  
  <Layout>
    <Page WIDTH="1748"
          HEIGHT="2464"
          PHYSICAL_IMG_NR="1"
          ID="eSc_dummypage_">
      <PrintSpace HPOS="0"
                  VPOS="0"
                  WIDTH="1748"
                  HEIGHT="2464">
        
        <TextBlock HPOS="1158"
                   VPOS="213"
                   WIDTH="66"
                   HEIGHT="55"
                   ID="eSc_textblock_c52c8fca"
                   TAGREFS="BT656">
          <Shape><Polygon POINTS="1158 268 1161 213 1224 219 1222 260"/></Shape>
          
          
          <TextLine ID="eSc_line_3e7257e2"
                    
                    BASELINE="1159 260 1214 260" 
                    HPOS="1158"
                    VPOS="211"
                    WIDTH="55"
                    HEIGHT="76">
            <Shape><Polygon POINTS="1199 215 1197 213 1179 213 1168 211 1158 215 1158 258 1158 287 1213 277 1213 258 1211 254 1199 215"/></Shape>
	    <String CONTENT="97"
                    HPOS="1158"
                    VPOS="211"
                    WIDTH="55"
                    HEIGHT="76"></String>
          </TextLine>

          
        </TextBlock>
        
        <TextBlock HPOS="82"
                   VPOS="279"
                   WIDTH="1173"
                   HEIGHT="1755"
                   ID="eSc_textblock_6efc3460"
                   TAGREFS="BT657">
          <Shape><Polygon POINTS="1016 287 1024 351 951 386 969 427 979 427 979 617 1025 617 1025 689 1024 689 1025 690 1025 716 1046 716 1115 802 1049 870 1024 991 942 1034 959 1238 1008 1371 1000 1427 951 1451 1008 1511 1008 1607 1074 1634 1057 1813 1255 1842 875 1842 875 1908 1232 1908 1098 1921 1213 2001 815 2001 815 2009 793 2009 793 2015 106 2034 82 312 106 279 410 279 410 281 865 281"/></Shape>
          
          
          <TextLine ID="eSc_line_dfe5e912"
                    TAGREFS="LT215"
                    BASELINE="435 260 796 260" 
                    HPOS="435"
                    VPOS="213"
                    WIDTH="361"
                    HEIGHT="64">
            <Shape><Polygon POINTS="784 221 764 215 743 213 723 213 702 213 681 213 661 213 640 213 620 213 599 213 579 213 558 213 538 213 517 213 497 213 476 213 456 217 441 236 435 260 435 277 796 273 796 260 794 223 784 221"/></Shape>
	    <String CONTENT="APOTHEOSIS"
                    HPOS="435"
                    VPOS="213"
                    WIDTH="361"
                    HEIGHT="64"></String>
          </TextLine>

          
          
          <TextLine ID="eSc_line_8eeef0f3"
                    TAGREFS="LT215"
                    BASELINE="88 336 1020 328" 
                    HPOS="86"
                    VPOS="268"
                    WIDTH="934"
                    HEIGHT="79">
            <Shape><Polygon POINTS="1010 285 990 285 969 285 948 283 928 283 907 281 887 281 866 281 856 279 848 281 836 279 825 279 823 275 784 268 782 268 780 268 778 268 762 281 679 271 677 271 675 271 673 271 653 285 515 285 402 277 394 279 373 279 353 279 332 279 312 279 306 279 293 287 164 279 147 279 127 279 106 279 86 301 88 336 88 347 1020 342 1020 328 1018 314 1010 285"/></Shape>
	    <String CONTENT="Nunc, ope diuina, quoniam me ſentio rurſum"
                    HPOS="86"
                    VPOS="268"
                    WIDTH="934"
                    HEIGHT="79"></String>
          </TextLine>

          
          
          <TextLine ID="eSc_line_18b23471"
                    TAGREFS="LT215"
                    BASELINE="90 388 928 383" 
                    HPOS="88"
                    VPOS="332"
                    WIDTH="840"
                    HEIGHT="70">
            <Shape><Polygon POINTS="601 332 581 332 560 332 540 334 519 334 509 334 501 340 304 336 293 336 273 336 252 336 232 336 211 336 191 336 170 336 149 336 129 336 108 336 94 336 88 340 90 388 90 396 924 402 928 383 924 340 601 332 601 332"/></Shape>
	    <String CONTENT="Corporis &amp; uires animi cœpiſſe priores,"
                    HPOS="88"
                    VPOS="332"
                    WIDTH="840"
                    HEIGHT="70"></String>
          </TextLine>

          
          
          <TextLine ID="eSc_line_5f43506c"
                    TAGREFS="LT215"
                    BASELINE="90 437 883 441" 
                    HPOS="88"
                    VPOS="390"
                    WIDTH="795"
                    HEIGHT="61">
            <Shape><Polygon POINTS="90 437 88 451 881 451 883 441 881 396 90 390 90 437"/></Shape>
	    <String CONTENT="Et mea tam læto tentari pectora motu,"
                    HPOS="88"
                    VPOS="390"
                    WIDTH="795"
                    HEIGHT="61"></String>
          </TextLine>

          
          
          <TextLine ID="eSc_line_5e577471"
                    TAGREFS="LT215"
                    BASELINE="94 494 971 491" 
                    HPOS="90"
                    VPOS="435"
                    WIDTH="879"
                    HEIGHT="68">
            <Shape><Polygon POINTS="624 439 603 439 583 439 562 439 542 439 521 439 501 439 480 437 478 437 439 445 357 437 336 437 326 437 314 447 152 447 121 437 110 437 104 437 90 443 92 492 92 503 967 501 969 490 967 447 922 435 920 435 918 435 916 435 875 445 642 439 624 439"/></Shape>
	    <String CONTENT="Quam non Icaris eſt lthaco lætata reuerſo."
                    HPOS="90"
                    VPOS="435"
                    WIDTH="879"
                    HEIGHT="68"></String>
          </TextLine>

          
          
          <TextLine ID="eSc_line_516c2a42"
                    TAGREFS="LT215"
                    BASELINE="92 550 955 540" 
                    HPOS="90"
                    VPOS="496"
                    WIDTH="865"
                    HEIGHT="62">
            <Shape><Polygon POINTS="92 550 92 558 955 548 955 540 951 496 90 496 92 550"/></Shape>
	    <String CONTENT="Nam citius dicto pelagi ceu rector, abactis"
                    HPOS="90"
                    VPOS="496"
                    WIDTH="865"
                    HEIGHT="62"></String>
          </TextLine>

          
          
          <TextLine ID="eSc_line_9ee57d66"
                    TAGREFS="LT215"
                    BASELINE="100 599 957 603" 
                    HPOS="98"
                    VPOS="546"
                    WIDTH="859"
                    HEIGHT="63">
            <Shape><Polygon POINTS="429 548 408 548 388 548 367 548 347 548 326 548 306 548 285 548 264 548 244 550 223 550 203 550 182 550 162 550 141 550 121 550 100 550 100 599 98 605 953 609 957 603 955 550 443 546 429 548"/></Shape>
	    <String CONTENT="Ventis, compoſuit fluctus, ſolem refecit,"
                    HPOS="98"
                    VPOS="546"
                    WIDTH="859"
                    HEIGHT="63"></String>
          </TextLine>

          
          
          <TextLine ID="eSc_line_094a1992"
                    TAGREFS="LT215"
                    BASELINE="92 655 1022 648" 
                    HPOS="88"
                    VPOS="599"
                    WIDTH="932"
                    HEIGHT="70">
            <Shape><Polygon POINTS="1012 618 992 618 990 605 743 605 739 603 735 601 725 601 704 601 702 601 696 605 88 599 90 652 90 669 1018 667 1020 646 1016 618 1012 618"/></Shape>
	    <String CONTENT="Dum Phrygius Lybico rex iactabatur in alto:"
                    HPOS="88"
                    VPOS="599"
                    WIDTH="932"
                    HEIGHT="70"></String>
          </TextLine>

          
          
          <TextLine ID="eSc_line_59a5f739"
                    TAGREFS="LT215"
                    BASELINE="92 708 942 704" 
                    HPOS="90"
                    VPOS="652"
                    WIDTH="852"
                    HEIGHT="66">
            <Shape><Polygon POINTS="583 652 562 652 542 652 521 652 505 652 480 661 478 663 90 663 92 708 92 718 940 716 942 704 938 661 599 652 583 652"/></Shape>
	    <String CONTENT="Sic ſubito, mirum auditu, mirum relatu,"
                    HPOS="90"
                    VPOS="652"
                    WIDTH="852"
                    HEIGHT="66"></String>
          </TextLine>

          
          
          <TextLine ID="eSc_line_eee58d96"
                    TAGREFS="LT215"
                    BASELINE="92 761 1035 761" 
                    HPOS="92"
                    VPOS="706"
                    WIDTH="943"
                    HEIGHT="68">
            <Shape><Polygon POINTS="92 761 92 774 1035 774 1035 761 1033 706 92 708 92 761"/></Shape>
	    <String CONTENT="Me quo tempeſtas animi amandata reliquit."
                    HPOS="92"
                    VPOS="706"
                    WIDTH="943"
                    HEIGHT="68"></String>
          </TextLine>

          
          
          <TextLine ID="eSc_line_f619a09c"
                    TAGREFS="LT215"
                    BASELINE="92 815 1103 815" 
                    HPOS="92"
                    VPOS="759"
                    WIDTH="1011"
                    HEIGHT="74">
            <Shape><Polygon POINTS="1098 811 1080 767 1045 759 1043 759 1041 759 1037 759 1037 761 1016 763 1014 763 977 770 973 770 967 770 938 763 934 763 914 763 893 763 872 763 854 763 792 767 745 770 731 765 720 763 708 763 688 763 686 763 679 765 667 770 624 765 605 763 605 763 585 763 564 763 546 763 519 770 478 763 462 763 441 763 421 763 400 763 380 763 369 763 289 770 277 763 277 763 256 763 236 763 234 763 180 770 127 763 112 763 92 763 92 815 92 833 1103 829 1103 815 1100 811 1098 811"/></Shape>
	    <String CONTENT="Sic etenim procul omnis iniqua moleſtia pulſa eſt"
                    HPOS="92"
                    VPOS="759"
                    WIDTH="1011"
                    HEIGHT="74"></String>
          </TextLine>

          
          
          <TextLine ID="eSc_line_cea37e50"
                    TAGREFS="LT215"
                    BASELINE="100 864 1027 868" 
                    HPOS="98"
                    VPOS="817"
                    WIDTH="929"
                    HEIGHT="59">
            <Shape><Polygon POINTS="1024 817 1004 817 983 817 963 817 942 817 922 817 901 817 881 817 860 817 840 817 819 817 799 817 778 817 757 817 737 817 716 817 696 817 675 817 655 817 634 817 614 817 593 817 573 817 552 817 532 817 511 817 490 817 470 817 449 817 429 817 408 817 388 817 367 817 347 817 326 817 306 817 285 817 264 817 244 817 223 817 203 817 182 817 162 817 141 817 121 817 100 817 100 864 98 872 1022 876 1027 868 1024 817 1024 817"/></Shape>
	    <String CONTENT="Vt paulo ante dolor fuerit non tantus, Eraſmi"
                    HPOS="98"
                    VPOS="817"
                    WIDTH="929"
                    HEIGHT="59"></String>
          </TextLine>

          
          
          <TextLine ID="eSc_line_b9baac94"
                    TAGREFS="LT215"
                    BASELINE="92 921 1043 921" 
                    HPOS="92"
                    VPOS="868"
                    WIDTH="951"
                    HEIGHT="70">
            <Shape><Polygon POINTS="1037 907 1020 874 92 868 92 921 92 934 1041 938 1043 921 1037 905 1037 907"/></Shape>
	    <String CONTENT="Exceſſus, nunc eſt idem mihi quanta uoluptas."
                    HPOS="92"
                    VPOS="868"
                    WIDTH="951"
                    HEIGHT="70"></String>
          </TextLine>

          
          
          <TextLine ID="eSc_line_47b0f356"
                    TAGREFS="LT215"
                    BASELINE="92 975 1016 979" 
                    HPOS="90"
                    VPOS="924"
                    WIDTH="926"
                    HEIGHT="69">
            <Shape><Polygon POINTS="441 924 421 924 400 924 380 924 359 924 338 924 318 924 297 924 277 924 256 924 236 924 215 924 195 924 174 924 154 924 133 924 112 924 92 924 92 975 90 989 1012 993 1016 979 1014 930 460 924 441 924"/></Shape>
	    <String CONTENT="His igitur cauſis, &amp; quod ſum ſcribere iuſſus,"
                    HPOS="90"
                    VPOS="924"
                    WIDTH="926"
                    HEIGHT="69"></String>
          </TextLine>

          
          
          <TextLine ID="eSc_line_21320c35"
                    TAGREFS="LT215"
                    BASELINE="94 1026 918 1026" 
                    HPOS="94"
                    VPOS="977"
                    WIDTH="824"
                    HEIGHT="66">
            <Shape><Polygon POINTS="94 1026 94 1043 918 1038 918 1026 918 981 94 977 94 1026"/></Shape>
	    <String CONTENT="Et mihi uiſa ſoporato &amp; commiſſa, fideli"
                    HPOS="94"
                    VPOS="977"
                    WIDTH="824"
                    HEIGHT="66"></String>
          </TextLine>

          
          
          <TextLine ID="eSc_line_272e938d"
                    TAGREFS="LT215"
                    BASELINE="94 1082 909 1082" 
                    HPOS="94"
                    VPOS="1028"
                    WIDTH="815"
                    HEIGHT="70">
            <Shape><Polygon POINTS="94 1082 94 1098 909 1090 909 1082 909 1036 94 1028 94 1082"/></Shape>
	    <String CONTENT="Exequar officio. Vos qui miracula rara"
                    HPOS="94"
                    VPOS="1028"
                    WIDTH="815"
                    HEIGHT="70"></String>
          </TextLine>

          
          
          <TextLine ID="eSc_line_53775987"
                    TAGREFS="LT215"
                    BASELINE="96 1133 920 1137" 
                    HPOS="94"
                    VPOS="1084"
                    WIDTH="826"
                    HEIGHT="61">
            <Shape><Polygon POINTS="96 1133 94 1143 916 1145 920 1137 918 1090 96 1084 96 1133"/></Shape>
	    <String CONTENT="Suſpicitis rerum, nobis pauliſper adeſte,"
                    HPOS="94"
                    VPOS="1084"
                    WIDTH="826"
                    HEIGHT="61"></String>
          </TextLine>

          
          
          <TextLine ID="eSc_line_71aa6ce5"
                    TAGREFS="LT215"
                    BASELINE="94 1184 948 1190" 
                    HPOS="92"
                    VPOS="1137"
                    WIDTH="856"
                    HEIGHT="64">
            <Shape><Polygon POINTS="96 1170 94 1184 92 1201 946 1201 948 1190 946 1137 108 1141 96 1170"/></Shape>
	    <String CONTENT="Et ſimul attentas aures &amp; iungite mentes."
                    HPOS="92"
                    VPOS="1137"
                    WIDTH="856"
                    HEIGHT="64"></String>
          </TextLine>

          
          
          <TextLine ID="eSc_line_dee28308"
                    TAGREFS="LT215"
                    BASELINE="96 1242 940 1242" 
                    HPOS="96"
                    VPOS="1190"
                    WIDTH="844"
                    HEIGHT="64">
            <Shape><Polygon POINTS="96 1242 96 1254 940 1254 940 1242 940 1199 96 1190 96 1242"/></Shape>
	    <String CONTENT="Incipio nec uos longo ſermone morabor."
                    HPOS="96"
                    VPOS="1190"
                    WIDTH="844"
                    HEIGHT="64"></String>
          </TextLine>

          
          
          <TextLine ID="eSc_line_541986a1"
                    TAGREFS="LT215"
                    BASELINE="94 1291 971 1297" 
                    HPOS="92"
                    VPOS="1246"
                    WIDTH="879"
                    HEIGHT="68">
            <Shape><Polygon POINTS="959 1250 94 1246 94 1291 92 1307 967 1314 971 1297 967 1273 959 1250"/></Shape>
	    <String CONTENT="Ante diu mea mens &amp; non inſomnia uana,"
                    HPOS="92"
                    VPOS="1246"
                    WIDTH="879"
                    HEIGHT="68"></String>
          </TextLine>

          
          
          <TextLine ID="eSc_line_06b1cb25"
                    TAGREFS="LT215"
                    BASELINE="98 1344 955 1353" 
                    HPOS="96"
                    VPOS="1293"
                    WIDTH="859"
                    HEIGHT="68">
            <Shape><Polygon POINTS="776 1297 755 1297 735 1297 714 1297 696 1297 661 1303 657 1303 649 1303 540 1295 529 1295 509 1295 488 1295 472 1295 359 1301 332 1301 324 1301 289 1293 283 1293 262 1293 256 1293 242 1299 98 1299 98 1344 96 1355 951 1361 955 1353 953 1307 788 1297 776 1297"/></Shape>
	    <String CONTENT="Quam fierem certus, prædicere uiſa fuere,"
                    HPOS="96"
                    VPOS="1293"
                    WIDTH="859"
                    HEIGHT="68"></String>
          </TextLine>

          
          
          <TextLine ID="eSc_line_11e11cd8"
                    TAGREFS="LT215"
                    BASELINE="96 1404 998 1404" 
                    HPOS="96"
                    VPOS="1349"
                    WIDTH="902"
                    HEIGHT="69">
            <Shape><Polygon POINTS="996 1349 938 1349 938 1353 918 1353 897 1353 877 1353 856 1353 836 1353 815 1353 794 1353 774 1353 753 1353 733 1351 712 1351 692 1351 671 1351 651 1351 630 1351 610 1351 589 1351 568 1351 548 1351 527 1351 515 1349 96 1349 96 1404 96 1414 996 1418 998 1404 998 1353 996 1349"/></Shape>
	    <String CONTENT="Lux quod Apollinei longe clariſſima cœtus"
                    HPOS="96"
                    VPOS="1349"
                    WIDTH="902"
                    HEIGHT="69"></String>
          </TextLine>

          
          
          <TextLine ID="eSc_line_ca95d351"
                    TAGREFS="LT215"
                    BASELINE="96 1457 862 1457" 
                    HPOS="96"
                    VPOS="1402"
                    WIDTH="766"
                    HEIGHT="68">
            <Shape><Polygon POINTS="384 1406 363 1406 343 1406 322 1406 301 1406 281 1406 260 1406 240 1406 219 1406 199 1406 178 1406 158 1406 137 1406 117 1406 115 1402 96 1402 96 1457 96 1470 862 1466 862 1457 862 1412 402 1406 384 1406"/></Shape>
	    <String CONTENT="Iuri naturæ iam conceſſiſſet Eraſmus"
                    HPOS="96"
                    VPOS="1402"
                    WIDTH="766"
                    HEIGHT="68"></String>
          </TextLine>

          
          
          <TextLine ID="eSc_line_11054848"
                    TAGREFS="LT215"
                    BASELINE="96 1507 934 1511" 
                    HPOS="94"
                    VPOS="1457"
                    WIDTH="840"
                    HEIGHT="62">
            <Shape><Polygon POINTS="507 1459 486 1459 466 1459 445 1459 425 1459 404 1459 384 1459 363 1459 343 1459 322 1459 301 1459 281 1459 260 1459 240 1459 219 1459 199 1459 178 1459 158 1459 137 1459 117 1459 115 1457 96 1457 96 1507 94 1517 930 1519 934 1511 932 1461 513 1459 507 1459"/></Shape>
	    <String CONTENT="Luce ſua orbatus, ceu ſolis lumine lumen"
                    HPOS="94"
                    VPOS="1457"
                    WIDTH="840"
                    HEIGHT="62"></String>
          </TextLine>

          
          
          <TextLine ID="eSc_line_9593c476"
                    TAGREFS="LT215"
                    BASELINE="96 1558 1002 1564" 
                    HPOS="94"
                    VPOS="1509"
                    WIDTH="908"
                    HEIGHT="70">
            <Shape><Polygon POINTS="774 1511 753 1511 743 1517 739 1519 593 1519 589 1515 583 1511 568 1511 548 1511 542 1511 513 1515 492 1517 367 1517 363 1513 359 1509 343 1509 332 1509 318 1513 306 1515 96 1511 96 1558 94 1572 998 1579 1002 1564 1002 1519 979 1509 977 1509 975 1509 860 1519 852 1519 844 1519 778 1511 774 1511"/></Shape>
	    <String CONTENT="Dum crucifer uitam ſeruator morte redemit."
                    HPOS="94"
                    VPOS="1509"
                    WIDTH="908"
                    HEIGHT="70"></String>
          </TextLine>

          
          
          <TextLine ID="eSc_line_2f03a6cc"
                    TAGREFS="LT215"
                    BASELINE="98 1613 977 1618" 
                    HPOS="96"
                    VPOS="1564"
                    WIDTH="881"
                    HEIGHT="70">
            <Shape><Polygon POINTS="98 1613 96 1622 973 1634 977 1618 975 1572 98 1564 98 1613"/></Shape>
	    <String CONTENT="Aſt ubi uera meas iam perueniſſet ad aures"
                    HPOS="96"
                    VPOS="1564"
                    WIDTH="881"
                    HEIGHT="70"></String>
          </TextLine>

          
          
          <TextLine ID="eSc_line_34fb9481"
                    TAGREFS="LT215"
                    BASELINE="96 1665 1064 1671" 
                    HPOS="94"
                    VPOS="1615"
                    WIDTH="970"
                    HEIGHT="68">
            <Shape><Polygon POINTS="1041 1622 1033 1618 158 1620 133 1615 117 1615 96 1620 96 1665 94 1675 1059 1683 1064 1671 1059 1628 1041 1622"/></Shape>
	    <String CONTENT="Fama, diem quæ ſupremum loqueretur Eraſmo"
                    HPOS="94"
                    VPOS="1615"
                    WIDTH="970"
                    HEIGHT="68"></String>
          </TextLine>

          
          
          <TextLine ID="eSc_line_6fb3b1c5"
                    TAGREFS="LT215"
                    BASELINE="98 1720 1045 1724" 
                    HPOS="96"
                    VPOS="1669"
                    WIDTH="949"
                    HEIGHT="68">
            <Shape><Polygon POINTS="1022 1671 1002 1671 981 1671 961 1671 940 1671 920 1671 899 1671 879 1671 858 1671 838 1671 817 1671 796 1671 776 1671 755 1671 741 1669 98 1669 98 1720 96 1728 1041 1737 1045 1724 1041 1671 1022 1671"/></Shape>
	    <String CONTENT="Expletum, ſubito uehemens mea uiſcera terror"
                    HPOS="96"
                    VPOS="1669"
                    WIDTH="949"
                    HEIGHT="68"></String>
          </TextLine>

          
          
          <TextLine ID="eSc_line_35582f70"
                    TAGREFS="LT215"
                    BASELINE="98 1774 836 1778" 
                    HPOS="96"
                    VPOS="1722"
                    WIDTH="740"
                    HEIGHT="64">
            <Shape><Polygon POINTS="632 1724 612 1724 591 1724 571 1722 550 1722 529 1722 509 1722 488 1722 468 1722 447 1722 427 1722 406 1722 386 1722 365 1722 345 1722 324 1722 318 1722 112 1726 100 1747 98 1774 96 1782 831 1786 836 1778 833 1730 649 1724 632 1724"/></Shape>
	    <String CONTENT="Inuaſit, ſeſe medullis miſcuit imis."
                    HPOS="96"
                    VPOS="1722"
                    WIDTH="740"
                    HEIGHT="64"></String>
          </TextLine>

          
          
          <TextLine ID="eSc_line_d503b160"
                    TAGREFS="LT215"
                    BASELINE="106 1827 1043 1833" 
                    HPOS="104"
                    VPOS="1776"
                    WIDTH="939"
                    HEIGHT="63">
            <Shape><Polygon POINTS="723 1778 702 1778 681 1778 661 1778 640 1778 620 1778 599 1778 579 1778 577 1778 456 1782 435 1776 435 1776 414 1776 394 1776 373 1776 353 1776 332 1776 312 1776 291 1776 271 1776 250 1776 230 1776 209 1776 188 1776 168 1776 147 1776 127 1776 106 1776 106 1827 104 1833 1039 1839 1043 1833 1039 1776 753 1784 731 1778 723 1778"/></Shape>
	    <String CONTENT="Tantus erat luctus, quantus non torſerat olim"
                    HPOS="104"
                    VPOS="1776"
                    WIDTH="939"
                    HEIGHT="63"></String>
          </TextLine>

          
          
          <TextLine ID="eSc_line_08810a8b"
                    TAGREFS="LT215"
                    BASELINE="100 1884 860 1883" 
                    HPOS="98"
                    VPOS="1827"
                    WIDTH="760"
                    HEIGHT="74">
            <Shape><Polygon POINTS="632 1829 630 1829 628 1829 626 1829 614 1837 603 1829 591 1829 589 1829 571 1837 564 1841 451 1841 443 1835 431 1829 427 1829 406 1827 386 1827 365 1827 345 1827 324 1827 304 1827 299 1827 297 1827 295 1827 293 1827 293 1829 287 1835 281 1839 269 1833 248 1827 246 1827 244 1827 98 1831 98 1882 98 1897 856 1901 858 1882 858 1841 665 1841 659 1837 634 1829 632 1829"/></Shape>
	    <String CONTENT="Heliades dum fraterna doluere ruina"
                    HPOS="98"
                    VPOS="1827"
                    WIDTH="760"
                    HEIGHT="74"></String>
          </TextLine>

          
          
          <TextLine ID="eSc_line_04d7ef36"
                    TAGREFS="LT215"
                    BASELINE="100 1936 971 1940" 
                    HPOS="98"
                    VPOS="1887"
                    WIDTH="873"
                    HEIGHT="67">
            <Shape><Polygon POINTS="100 1899 100 1936 98 1942 967 1954 971 1940 969 1893 117 1887 100 1899"/></Shape>
	    <String CONTENT="Et ſua populeis mutarunt corpora truncis."
                    HPOS="98"
                    VPOS="1887"
                    WIDTH="873"
                    HEIGHT="67"></String>
          </TextLine>

          
          
          <TextLine ID="eSc_line_671580a0"
                    TAGREFS="LT215"
                    BASELINE="100 1987 1142 1993" 
                    HPOS="98"
                    VPOS="1938"
                    WIDTH="1044"
                    HEIGHT="107">
            <Shape><Polygon POINTS="1129 1944 250 1944 248 1942 238 1938 223 1938 203 1938 182 1938 162 1938 147 1938 100 1940 100 1987 98 2043 304 2045 306 2045 308 2045 322 2038 367 2016 386 2032 388 2032 390 2032 392 2032 394 2032 396 2032 441 2006 540 2028 542 2028 544 2028 595 2010 675 2028 710 2036 712 2036 714 2036 716 2036 729 2028 753 2010 762 2016 762 2018 764 2018 766 2018 768 2018 770 2018 792 2008 821 2020 823 2020 825 2020 866 2014 883 2024 887 2026 889 2026 891 2026 893 2026 895 2026 903 2022 924 2016 948 2022 985 2030 988 2030 990 2030 992 2030 1006 2020 1022 2010 1137 2016 1142 1993 1140 1950 1129 1944"/></Shape>
	    <String CONTENT="Aut Nioben, aut Halcyonen, quarum altera ſaxum"
                    HPOS="98"
                    VPOS="1938"
                    WIDTH="1044"
                    HEIGHT="107"></String>
          </TextLine>

          
          
          <TextLine ID="eSc_line_d1be3d28"
                    TAGREFS="LT215"
                    BASELINE="1004 2048 1226 2047" 
                    HPOS="1000"
                    VPOS="1993"
                    WIDTH="224"
                    HEIGHT="87">
            <Shape><Polygon POINTS="1205 2002 1185 2002 1174 2002 1170 2004 1168 2002 1164 2002 1144 2002 1127 2002 1123 2002 1103 2002 1082 2002 1070 2002 1066 2006 1051 2002 1041 2002 1020 2002 1004 2002 1000 2004 1002 2047 1002 2080 1084 2069 1222 2077 1224 2045 1222 2004 1205 1993 1205 2002"/></Shape>
	    <String CONTENT="n Induit"
                    HPOS="1000"
                    VPOS="1993"
                    WIDTH="224"
                    HEIGHT="87"></String>
          </TextLine>

          
        </TextBlock>
        
        <TextBlock HPOS="1646"
                   VPOS="617"
                   WIDTH="3"
                   HEIGHT="13"
                   ID="eSc_textblock_e52ff591"
                   >
          <Shape><Polygon POINTS="1648 617 1649 630 1646 630 1646 617"/></Shape>
          
        </TextBlock>
        
        <TextBlock HPOS="426"
                   VPOS="213"
                   WIDTH="386"
                   HEIGHT="52"
                   ID="eSc_textblock_c869c013"
                   TAGREFS="BT659">
          <Shape><Polygon POINTS="460 213 753 213 811 229 812 265 426 265"/></Shape>
          
        </TextBlock>
        
        <TextBlock HPOS="987"
                   VPOS="2012"
                   WIDTH="243"
                   HEIGHT="47"
                   ID="eSc_textblock_85c19b77"
                   TAGREFS="BT656">
          <Shape><Polygon POINTS="1230 2012 1230 2059 1002 2059 987 2042 987 2012 1229 2012"/></Shape>
          
        </TextBlock>
        

        
      </PrintSpace>
    </Page>
  </Layout>
</alto>
