<?xml version="1.0" encoding="UTF-8"?>
<alto xmlns:xsi="http://www.w3.org/2001/XMLSchema-instance"
      xmlns="http://www.loc.gov/standards/alto/ns-v4#"
      xsi:schemaLocation="http://www.loc.gov/standards/alto/ns-v4# http://www.loc.gov/standards/alto/v4/alto-4-2.xsd">
  <Description>
    <MeasurementUnit>pixel</MeasurementUnit>
    <sourceImageInformation>
      <fileName>Epitaphiorum_ac_tumulorum_libellus_quibus_Des_Erasmi_Roterodami_mors_defletur.pdf_page_16.png</fileName>
      
    </sourceImageInformation>
  </Description>
  
  <Tags>
    <OtherTag ID="BT656" LABEL="NumberingZone" DESCRIPTION="block type NumberingZone"/><OtherTag ID="BT657" LABEL="MainZone" DESCRIPTION="block type MainZone"/><OtherTag ID="BT658" LABEL="DropCapitalZone" DESCRIPTION="block type DropCapitalZone"/><OtherTag ID="BT659" LABEL="RunningTitleZone" DESCRIPTION="block type RunningTitleZone"/>
    <OtherTag ID="LT214" LABEL="HeadingLine" DESCRIPTION="line type HeadingLine"/><OtherTag ID="LT215" LABEL="DefaultLine" DESCRIPTION="line type DefaultLine"/><OtherTag ID="LT216" LABEL="DropCapitalLine" DESCRIPTION="line type DropCapitalLine"/>
  </Tags>
  
  <Layout>
    <Page WIDTH="1748"
          HEIGHT="2464"
          PHYSICAL_IMG_NR="3"
          ID="eSc_dummypage_">
      <PrintSpace HPOS="0"
                  VPOS="0"
                  WIDTH="1748"
                  HEIGHT="2464">
        
        <TextBlock HPOS="1133"
                   VPOS="229"
                   WIDTH="64"
                   HEIGHT="48"
                   ID="eSc_textblock_c3b25751"
                   TAGREFS="BT656">
          <Shape><Polygon POINTS="1133 277 1142 229 1189 229 1197 277"/></Shape>
          
          
          <TextLine ID="eSc_line_062d8cdf"
                    TAGREFS="LT215"
                    BASELINE="1140 271 1191 271" 
                    HPOS="1140"
                    VPOS="229"
                    WIDTH="51"
                    HEIGHT="62">
            <Shape><Polygon POINTS="1181 229 1160 229 1140 238 1140 271 1140 291 1191 287 1191 271 1191 262 1181 229"/></Shape>
	    <String CONTENT="99"
                    HPOS="1140"
                    VPOS="229"
                    WIDTH="51"
                    HEIGHT="62"></String>
          </TextLine>

          
        </TextBlock>
        
        <TextBlock HPOS="57"
                   VPOS="287"
                   WIDTH="1066"
                   HEIGHT="1726"
                   ID="eSc_textblock_f3d68512"
                   TAGREFS="BT657">
          <Shape><Polygon POINTS="909 287 926 334 992 369 1000 498 1033 548 959 599 959 638 1066 673 1074 720 1016 804 1049 895 1041 991 953 1016 934 1082 992 1188 1066 1215 1066 1262 975 1295 1000 1377 1066 1445 1057 1517 1115 1535 1123 1583 961 1599 934 1640 975 1700 975 1772 1090 1823 1074 1862 1008 1880 1002 1968 990 1968 990 2003 809 2003 809 2012 782 2012 782 2013 753 2010 82 2002 57 328 73 287 347 287 347 297 673 297 673 294"/></Shape>
          
          
          <TextLine ID="eSc_line_757b065a"
                    TAGREFS="LT215"
                    BASELINE="373 264 597 268" 
                    HPOS="371"
                    VPOS="221"
                    WIDTH="226"
                    HEIGHT="68">
            <Shape><Polygon POINTS="579 221 482 221 476 221 456 221 435 221 414 221 394 221 373 232 373 264 371 277 398 287 400 287 402 289 595 289 597 268 591 234 579 221"/></Shape>
	    <String CONTENT="ERASMI"
                    HPOS="371"
                    VPOS="221"
                    WIDTH="226"
                    HEIGHT="68"></String>
          </TextLine>

          
          
          <TextLine ID="eSc_line_4ef8fee7"
                    TAGREFS="LT215"
                    BASELINE="65 336 912 342" 
                    HPOS="63"
                    VPOS="277"
                    WIDTH="849"
                    HEIGHT="74">
            <Shape><Polygon POINTS="907 293 840 287 825 289 805 289 784 289 764 291 743 291 725 291 708 293 704 293 702 293 694 291 681 293 661 293 640 293 620 279 618 277 470 291 451 277 449 277 447 277 363 277 353 287 332 287 318 287 314 289 291 287 291 287 271 287 250 287 230 287 209 287 188 287 186 289 172 287 168 287 147 287 127 287 106 287 86 287 65 303 65 336 63 349 907 351 912 342 909 297 907 293"/></Shape>
	    <String CONTENT="Ob cuius te falſa tenet perſuaſio mortem,"
                    HPOS="63"
                    VPOS="277"
                    WIDTH="849"
                    HEIGHT="74"></String>
          </TextLine>

          
          
          <TextLine ID="eSc_line_d4a6e706"
                    TAGREFS="LT215"
                    BASELINE="67 392 975 396" 
                    HPOS="65"
                    VPOS="344"
                    WIDTH="910"
                    HEIGHT="66">
            <Shape><Polygon POINTS="969 359 948 349 946 347 67 344 67 392 65 400 84 410 86 410 88 410 973 408 975 396 973 359 969 359"/></Shape>
	    <String CONTENT="Quum potius uera iam tandem luce fruatur:"
                    HPOS="65"
                    VPOS="344"
                    WIDTH="910"
                    HEIGHT="66"></String>
          </TextLine>

          
          
          <TextLine ID="eSc_line_b0c5e200"
                    TAGREFS="LT215"
                    BASELINE="69 443 988 449" 
                    HPOS="67"
                    VPOS="398"
                    WIDTH="921"
                    HEIGHT="68">
            <Shape><Polygon POINTS="69 443 67 451 983 466 988 449 985 400 69 398 69 443"/></Shape>
	    <String CONTENT="Cui collata prior, quam te quo uiuere reris,"
                    HPOS="67"
                    VPOS="398"
                    WIDTH="921"
                    HEIGHT="68"></String>
          </TextLine>

          
          
          <TextLine ID="eSc_line_43571430"
                    TAGREFS="LT215"
                    BASELINE="71 496 951 501" 
                    HPOS="69"
                    VPOS="445"
                    WIDTH="882"
                    HEIGHT="64">
            <Shape><Polygon POINTS="585 447 564 447 544 447 523 447 503 447 482 447 462 447 441 447 421 447 400 447 380 447 359 445 347 445 135 451 96 445 92 445 71 445 71 496 69 505 946 509 951 501 948 455 593 447 585 447"/></Shape>
	    <String CONTENT="Nec non mortales uos creditis eſſe beatam,"
                    HPOS="69"
                    VPOS="445"
                    WIDTH="882"
                    HEIGHT="64"></String>
          </TextLine>

          
          
          <TextLine ID="eSc_line_d861a172"
                    TAGREFS="LT215"
                    BASELINE="71 550 1020 554" 
                    HPOS="69"
                    VPOS="498"
                    WIDTH="951"
                    HEIGHT="68">
            <Shape><Polygon POINTS="1014 552 998 507 708 501 708 501 688 501 667 501 647 501 626 501 605 501 585 501 564 501 544 501 523 501 503 498 482 498 476 498 470 505 382 498 380 498 359 498 338 498 318 498 297 498 277 498 256 498 246 498 178 505 125 498 112 498 92 498 71 498 71 550 69 562 1016 566 1020 554 1018 550 1014 552"/></Shape>
	    <String CONTENT="Non tanti eſt, quanti, reſpectu corporis umbra."
                    HPOS="69"
                    VPOS="498"
                    WIDTH="951"
                    HEIGHT="68"></String>
          </TextLine>

          
          
          <TextLine ID="eSc_line_fd246b28"
                    TAGREFS="LT215"
                    BASELINE="73 601 940 607" 
                    HPOS="71"
                    VPOS="554"
                    WIDTH="869"
                    HEIGHT="62">
            <Shape><Polygon POINTS="73 601 71 611 936 616 940 607 938 562 73 554 73 601"/></Shape>
	    <String CONTENT="Quinetiam mortem, non uitã dixeris iſtam"
                    HPOS="71"
                    VPOS="554"
                    WIDTH="869"
                    HEIGHT="62"></String>
          </TextLine>

          
          
          <TextLine ID="eSc_line_5a958009"
                    TAGREFS="LT215"
                    BASELINE="71 661 918 661" 
                    HPOS="71"
                    VPOS="605"
                    WIDTH="847"
                    HEIGHT="72">
            <Shape><Polygon POINTS="71 661 71 677 918 669 918 661 918 616 71 605 71 661"/></Shape>
	    <String CONTENT="In qua tot, miſeros, &amp; tanta pericula nullo"
                    HPOS="71"
                    VPOS="605"
                    WIDTH="847"
                    HEIGHT="72"></String>
          </TextLine>

          
          
          <TextLine ID="eSc_line_9ed1c784"
                    TAGREFS="LT215"
                    BASELINE="71 712 1066 716" 
                    HPOS="69"
                    VPOS="657"
                    WIDTH="997"
                    HEIGHT="71">
            <Shape><Polygon POINTS="1057 671 1037 663 1016 657 916 657 914 663 893 663 879 663 870 669 868 669 860 669 784 663 770 663 749 663 729 663 708 663 692 663 684 667 677 669 532 669 529 665 525 663 523 663 503 663 482 663 478 663 472 665 460 669 396 669 392 663 380 663 359 663 349 663 336 667 160 663 154 663 133 663 112 663 92 663 71 663 71 712 69 724 1061 728 1066 716 1066 694 1057 671"/></Shape>
	    <String CONTENT="Fine premunt homines, non mille ego millia dico"
                    HPOS="69"
                    VPOS="657"
                    WIDTH="997"
                    HEIGHT="71"></String>
          </TextLine>

          
          
          <TextLine ID="eSc_line_fb779c08"
                    TAGREFS="LT215"
                    BASELINE="69 763 1029 772" 
                    HPOS="67"
                    VPOS="712"
                    WIDTH="962"
                    HEIGHT="72">
            <Shape><Polygon POINTS="213 714 193 714 172 714 152 714 131 714 110 714 90 714 69 712 69 763 67 776 1024 784 1029 772 1027 724 228 714 213 714"/></Shape>
	    <String CONTENT="Morborum genera infirmum uexantia corpus,"
                    HPOS="67"
                    VPOS="712"
                    WIDTH="962"
                    HEIGHT="72"></String>
          </TextLine>

          
          
          <TextLine ID="eSc_line_08a22f4f"
                    TAGREFS="LT215"
                    BASELINE="71 817 965 823" 
                    HPOS="69"
                    VPOS="765"
                    WIDTH="896"
                    HEIGHT="66">
            <Shape><Polygon POINTS="955 772 934 772 914 772 893 772 872 772 852 772 831 772 811 772 790 772 770 770 749 770 729 770 708 770 688 770 667 770 647 770 626 770 605 770 585 770 564 770 544 767 523 767 503 767 482 767 462 767 441 767 421 767 400 767 380 767 359 767 338 767 318 767 301 765 71 765 71 817 69 829 961 831 965 823 963 772 955 772"/></Shape>
	    <String CONTENT="Non alia externis incommoda caſibus orta:"
                    HPOS="69"
                    VPOS="765"
                    WIDTH="896"
                    HEIGHT="66"></String>
          </TextLine>

          
          
          <TextLine ID="eSc_line_26dadf55"
                    TAGREFS="LT215"
                    BASELINE="71 870 1004 876" 
                    HPOS="69"
                    VPOS="823"
                    WIDTH="935"
                    HEIGHT="61">
            <Shape><Polygon POINTS="71 870 69 880 1000 884 1004 876 1002 829 71 823 71 870"/></Shape>
	    <String CONTENT="Sed mala quæ fœdant prauis adfectibus intus"
                    HPOS="69"
                    VPOS="823"
                    WIDTH="935"
                    HEIGHT="61"></String>
          </TextLine>

          
          
          <TextLine ID="eSc_line_0e4fde7b"
                    TAGREFS="LT215"
                    BASELINE="78 924 1039 930" 
                    HPOS="76"
                    VPOS="874"
                    WIDTH="963"
                    HEIGHT="64">
            <Shape><Polygon POINTS="1002 876 981 876 961 876 940 876 920 876 899 876 879 876 858 876 838 876 817 876 796 876 776 876 755 876 735 876 714 876 694 876 688 874 78 876 78 924 76 932 1035 938 1039 930 1035 874 1002 874 1002 876"/></Shape>
	    <String CONTENT="Captam corporeis tenebris &amp; carcere mentem,"
                    HPOS="76"
                    VPOS="874"
                    WIDTH="963"
                    HEIGHT="64"></String>
          </TextLine>

          
          
          <TextLine ID="eSc_line_593e74fa"
                    TAGREFS="LT215"
                    BASELINE="76 977 1031 981" 
                    HPOS="73"
                    VPOS="924"
                    WIDTH="958"
                    HEIGHT="71">
            <Shape><Polygon POINTS="219 926 199 926 178 926 158 926 137 926 117 926 96 926 76 924 76 977 73 991 1027 995 1031 981 1029 936 234 926 219 926"/></Shape>
	    <String CONTENT="Fœdatam occidunt, occiſam in tartara mittunt:"
                    HPOS="73"
                    VPOS="924"
                    WIDTH="958"
                    HEIGHT="71"></String>
          </TextLine>

          
          
          <TextLine ID="eSc_line_9994e40b"
                    TAGREFS="LT215"
                    BASELINE="80 1028 920 1038" 
                    HPOS="78"
                    VPOS="979"
                    WIDTH="842"
                    HEIGHT="70">
            <Shape><Polygon POINTS="306 979 285 979 264 979 244 979 223 979 203 979 182 979 162 979 141 979 121 979 100 979 80 979 80 1028 78 1036 916 1049 920 1038 918 989 318 979 306 979"/></Shape>
	    <String CONTENT="Vt ſunt ira, odium, faſtus, uindicta, libido,"
                    HPOS="78"
                    VPOS="979"
                    WIDTH="842"
                    HEIGHT="70"></String>
          </TextLine>

          
          
          <TextLine ID="eSc_line_7d747efb"
                    TAGREFS="LT215"
                    BASELINE="76 1084 877 1090" 
                    HPOS="73"
                    VPOS="1028"
                    WIDTH="804"
                    HEIGHT="70">
            <Shape><Polygon POINTS="301 1032 281 1032 260 1032 250 1030 188 1030 178 1030 158 1030 137 1030 117 1030 96 1030 94 1028 76 1028 76 1084 73 1094 872 1098 877 1090 875 1043 304 1032 301 1032"/></Shape>
	    <String CONTENT="Luxus, auaritia, impietas, &amp; talia multo"
                    HPOS="73"
                    VPOS="1028"
                    WIDTH="804"
                    HEIGHT="70"></String>
          </TextLine>

          
          
          <TextLine ID="eSc_line_6108e37f"
                    TAGREFS="LT215"
                    BASELINE="73 1137 944 1145" 
                    HPOS="71"
                    VPOS="1084"
                    WIDTH="873"
                    HEIGHT="74">
            <Shape><Polygon POINTS="936 1092 421 1088 402 1088 382 1088 361 1088 353 1086 246 1086 238 1086 217 1086 197 1086 176 1086 156 1086 135 1086 115 1086 94 1086 73 1084 73 1137 71 1143 291 1158 293 1158 942 1151 944 1145 942 1102 936 1092"/></Shape>
	    <String CONTENT="Plurima, quæ non narrari præſentia poſcit,"
                    HPOS="71"
                    VPOS="1084"
                    WIDTH="873"
                    HEIGHT="74"></String>
          </TextLine>

          
          
          <TextLine ID="eSc_line_d8849dae"
                    TAGREFS="LT215"
                    BASELINE="76 1192 973 1199" 
                    HPOS="73"
                    VPOS="1139"
                    WIDTH="900"
                    HEIGHT="66">
            <Shape><Polygon POINTS="967 1147 373 1141 363 1141 343 1141 322 1141 301 1141 289 1139 223 1139 219 1139 199 1139 178 1139 158 1139 137 1139 117 1139 96 1139 76 1139 76 1192 73 1199 969 1205 973 1199 971 1156 967 1147"/></Shape>
	    <String CONTENT="Et quæ ſunt ſatis ex noſtris tibi nota tabellis,"
                    HPOS="73"
                    VPOS="1139"
                    WIDTH="900"
                    HEIGHT="66"></String>
          </TextLine>

          
          
          <TextLine ID="eSc_line_da427b69"
                    TAGREFS="LT215"
                    BASELINE="78 1244 1057 1250" 
                    HPOS="76"
                    VPOS="1195"
                    WIDTH="981"
                    HEIGHT="69">
            <Shape><Polygon POINTS="1043 1207 1024 1199 959 1199 940 1199 920 1199 899 1199 879 1199 858 1199 838 1199 817 1199 796 1199 776 1199 755 1199 735 1199 714 1199 694 1199 673 1197 653 1197 632 1197 612 1197 591 1197 571 1197 556 1197 554 1199 548 1203 410 1203 408 1199 406 1197 406 1197 386 1197 375 1195 369 1199 367 1199 361 1199 334 1195 324 1195 304 1195 283 1195 271 1195 256 1199 252 1201 137 1201 135 1199 131 1195 119 1195 98 1195 92 1195 78 1197 78 1244 76 1252 106 1264 108 1264 110 1264 1055 1258 1057 1250 1055 1211 1043 1207"/></Shape>
	    <String CONTENT="Quas paſſim ad uarias olim tranſmiſimus urbes."
                    HPOS="76"
                    VPOS="1195"
                    WIDTH="981"
                    HEIGHT="69"></String>
          </TextLine>

          
          
          <TextLine ID="eSc_line_aa14271a"
                    TAGREFS="LT215"
                    BASELINE="73 1297 856 1303" 
                    HPOS="71"
                    VPOS="1242"
                    WIDTH="785"
                    HEIGHT="70">
            <Shape><Polygon POINTS="71 1305 852 1312 856 1303 852 1250 106 1252 76 1242 73 1297 71 1305"/></Shape>
	    <String CONTENT="Nam ne te iugis tua lamentatio totum"
                    HPOS="71"
                    VPOS="1242"
                    WIDTH="785"
                    HEIGHT="70"></String>
          </TextLine>

          
          
          <TextLine ID="eSc_line_78922c38"
                    TAGREFS="LT215"
                    BASELINE="86 1349 963 1357" 
                    HPOS="84"
                    VPOS="1299"
                    WIDTH="879"
                    HEIGHT="76">
            <Shape><Polygon POINTS="723 1303 702 1303 681 1303 661 1303 640 1303 620 1303 599 1303 595 1301 556 1305 542 1301 538 1301 517 1301 497 1301 476 1301 456 1301 435 1301 414 1301 394 1301 373 1301 353 1301 332 1299 312 1299 291 1299 271 1299 250 1299 230 1299 209 1299 188 1299 168 1299 147 1299 127 1299 106 1299 86 1299 86 1349 84 1365 698 1365 704 1365 741 1375 743 1375 745 1375 961 1365 963 1357 959 1299 757 1307 739 1303 723 1303"/></Shape>
	    <String CONTENT="Viribus exhauſtum frangat, ſolaminis ergo"
                    HPOS="84"
                    VPOS="1299"
                    WIDTH="879"
                    HEIGHT="76"></String>
          </TextLine>

          
          
          <TextLine ID="eSc_line_3020a2fe"
                    TAGREFS="LT215"
                    BASELINE="78 1404 998 1412" 
                    HPOS="76"
                    VPOS="1353"
                    WIDTH="922"
                    HEIGHT="69">
            <Shape><Polygon POINTS="990 1355 961 1355 961 1357 940 1357 920 1357 899 1357 879 1357 858 1357 838 1357 817 1357 796 1357 776 1357 755 1357 743 1355 536 1355 529 1355 527 1353 78 1353 78 1404 76 1412 994 1422 998 1412 996 1371 990 1355"/></Shape>
	    <String CONTENT="Adſumus, affectu ut te exoneremus acerbo"
                    HPOS="76"
                    VPOS="1353"
                    WIDTH="922"
                    HEIGHT="69"></String>
          </TextLine>

          
          
          <TextLine ID="eSc_line_e5d2842a"
                    TAGREFS="LT215"
                    BASELINE="78 1457 1049 1466" 
                    HPOS="76"
                    VPOS="1406"
                    WIDTH="973"
                    HEIGHT="74">
            <Shape><Polygon POINTS="1043 1425 1035 1416 78 1406 78 1457 76 1466 1045 1480 1049 1466 1047 1429 1043 1425"/></Shape>
	    <String CONTENT="Pectoris, imprimis tamen ut quæ cernis &amp; audis"
                    HPOS="76"
                    VPOS="1406"
                    WIDTH="973"
                    HEIGHT="74"></String>
          </TextLine>

          
          
          <TextLine ID="eSc_line_3e972559"
                    TAGREFS="LT215"
                    BASELINE="84 1509 1018 1517" 
                    HPOS="82"
                    VPOS="1459"
                    WIDTH="936"
                    HEIGHT="76">
            <Shape><Polygon POINTS="597 1464 577 1464 568 1461 482 1461 474 1461 453 1461 433 1461 412 1461 392 1461 371 1461 351 1461 330 1461 310 1459 289 1459 269 1459 248 1459 228 1459 207 1459 186 1459 166 1459 145 1459 125 1459 104 1459 84 1459 84 1509 82 1517 154 1529 838 1535 840 1535 1016 1525 1018 1517 1016 1470 616 1464 597 1464"/></Shape>
	    <String CONTENT="Vulges, quo reſciant terra &amp; lætentur in omni"
                    HPOS="82"
                    VPOS="1459"
                    WIDTH="936"
                    HEIGHT="76"></String>
          </TextLine>

          
          
          <TextLine ID="eSc_line_04203f31"
                    TAGREFS="LT215"
                    BASELINE="78 1564 1117 1572" 
                    HPOS="76"
                    VPOS="1515"
                    WIDTH="1041"
                    HEIGHT="66">
            <Shape><Polygon POINTS="1105 1531 1084 1525 1082 1523 78 1515 78 1564 76 1572 1113 1581 1117 1572 1115 1562 1105 1531"/></Shape>
	    <String CONTENT="Quotquot Eraſmiacorum aura ueſcuntur amicum,"
                    HPOS="76"
                    VPOS="1515"
                    WIDTH="1041"
                    HEIGHT="66"></String>
          </TextLine>

          
          
          <TextLine ID="eSc_line_b2cf1d31"
                    TAGREFS="LT215"
                    BASELINE="78 1615 885 1624" 
                    HPOS="76"
                    VPOS="1568"
                    WIDTH="809"
                    HEIGHT="64">
            <Shape><Polygon POINTS="879 1572 858 1572 838 1570 817 1570 796 1570 776 1570 755 1570 735 1570 714 1570 694 1570 673 1570 653 1570 632 1570 612 1570 591 1568 571 1568 550 1568 529 1568 509 1568 488 1568 468 1568 447 1568 427 1568 406 1568 386 1568 365 1568 345 1568 78 1568 78 1615 76 1624 881 1632 885 1624 883 1572 879 1572"/></Shape>
	    <String CONTENT="At tibi ne ſit opus ſcitari, ſponte fatebor"
                    HPOS="76"
                    VPOS="1568"
                    WIDTH="809"
                    HEIGHT="64"></String>
          </TextLine>

          
          
          <TextLine ID="eSc_line_0351fd63"
                    TAGREFS="LT215"
                    BASELINE="80 1673 918 1677" 
                    HPOS="78"
                    VPOS="1618"
                    WIDTH="840"
                    HEIGHT="65">
            <Shape><Polygon POINTS="80 1618 80 1673 78 1679 914 1683 918 1677 914 1626 115 1626 88 1618 80 1618"/></Shape>
	    <String CONTENT="Ipſe mea, quæ te non ignorare neceſſe eſt."
                    HPOS="78"
                    VPOS="1618"
                    WIDTH="840"
                    HEIGHT="65"></String>
          </TextLine>

          
          
          <TextLine ID="eSc_line_1c5864a1"
                    TAGREFS="LT215"
                    BASELINE="80 1724 963 1728" 
                    HPOS="78"
                    VPOS="1671"
                    WIDTH="885"
                    HEIGHT="68">
            <Shape><Polygon POINTS="953 1671 901 1671 901 1677 881 1677 860 1677 840 1677 819 1677 799 1677 778 1677 757 1677 737 1677 716 1677 696 1677 675 1677 655 1677 634 1677 632 1677 523 1679 375 1675 367 1675 347 1675 326 1675 306 1675 285 1675 264 1675 244 1675 223 1675 203 1675 182 1675 162 1675 141 1675 121 1675 100 1675 80 1675 80 1724 78 1733 959 1739 963 1728 959 1679 953 1671"/></Shape>
	    <String CONTENT="En ego ſum Paulus multo ſæuiſſimus hoſtis"
                    HPOS="78"
                    VPOS="1671"
                    WIDTH="885"
                    HEIGHT="68"></String>
          </TextLine>

          
          
          <TextLine ID="eSc_line_46ac6f61"
                    TAGREFS="LT215"
                    BASELINE="78 1778 766 1784" 
                    HPOS="76"
                    VPOS="1726"
                    WIDTH="690"
                    HEIGHT="66">
            <Shape><Polygon POINTS="180 1726 160 1726 139 1726 119 1726 98 1726 82 1737 78 1778 76 1790 762 1792 766 1784 764 1737 197 1726 180 1726"/></Shape>
	    <String CONTENT="Illis qui ſpreto ritu pietatis auitæ,"
                    HPOS="76"
                    VPOS="1726"
                    WIDTH="690"
                    HEIGHT="66"></String>
          </TextLine>

          
          
          <TextLine ID="eSc_line_12ea2eb3"
                    TAGREFS="LT215"
                    BASELINE="80 1829 1078 1841" 
                    HPOS="78"
                    VPOS="1780"
                    WIDTH="1000"
                    HEIGHT="70">
            <Shape><Polygon POINTS="1045 1802 1024 1794 1016 1790 912 1780 757 1780 757 1784 737 1784 716 1784 696 1784 675 1784 655 1784 634 1784 614 1784 593 1784 573 1784 552 1784 532 1782 511 1782 490 1782 470 1782 449 1782 429 1782 408 1782 388 1782 367 1782 347 1782 326 1782 306 1780 285 1780 264 1780 244 1780 223 1780 203 1780 182 1780 162 1780 141 1780 121 1780 100 1780 80 1780 80 1829 78 1837 1074 1850 1078 1841 1059 1808 1045 1802"/></Shape>
	    <String CONTENT="Legirupæ, ut rebar, dederant ſua nomina Chriſto"
                    HPOS="78"
                    VPOS="1780"
                    WIDTH="1000"
                    HEIGHT="70"></String>
          </TextLine>

          
          
          <TextLine ID="eSc_line_59276f5e"
                    TAGREFS="LT215"
                    BASELINE="80 1882 973 1893" 
                    HPOS="78"
                    VPOS="1831"
                    WIDTH="895"
                    HEIGHT="68">
            <Shape><Polygon POINTS="840 1839 819 1839 799 1839 778 1839 774 1839 764 1845 747 1837 737 1837 716 1837 712 1837 684 1843 665 1837 655 1837 640 1837 632 1845 630 1845 628 1845 577 1835 573 1835 552 1835 532 1835 519 1835 472 1841 453 1835 449 1835 429 1835 408 1833 388 1833 367 1833 347 1833 332 1833 324 1841 285 1833 285 1833 264 1833 254 1831 242 1839 223 1831 223 1831 211 1831 201 1841 94 1841 82 1862 80 1882 78 1889 969 1899 973 1893 971 1850 858 1839 840 1839"/></Shape>
	    <String CONTENT="Sed prius is  fulmineo me lumine cinctum"
                    HPOS="78"
                    VPOS="1831"
                    WIDTH="895"
                    HEIGHT="68"></String>
          </TextLine>

          
          
          <TextLine ID="eSc_line_2b836c11"
                    TAGREFS="LT215"
                    BASELINE="80 1934 988 1948" 
                    HPOS="78"
                    VPOS="1884"
                    WIDTH="910"
                    HEIGHT="76">
            <Shape><Polygon POINTS="922 1893 903 1893 879 1901 875 1901 868 1901 846 1893 840 1893 819 1893 811 1893 784 1899 778 1899 772 1899 733 1891 716 1891 696 1891 675 1891 640 1895 628 1897 622 1895 601 1889 593 1889 573 1889 552 1889 532 1889 511 1889 490 1889 470 1889 449 1889 429 1887 408 1887 388 1887 367 1887 347 1887 326 1887 306 1887 285 1887 264 1887 256 1884 96 1884 80 1897 80 1934 78 1948 983 1960 988 1948 988 1903 926 1893 922 1893"/></Shape>
	    <String CONTENT="Horrentem Damaſceno proſterneret agro,"
                    HPOS="78"
                    VPOS="1884"
                    WIDTH="910"
                    HEIGHT="76"></String>
          </TextLine>

          
          
          <TextLine ID="eSc_line_4f7db81b"
                    TAGREFS="LT215"
                    BASELINE="84 1991 957 1999" 
                    HPOS="82"
                    VPOS="1944"
                    WIDTH="875"
                    HEIGHT="86">
            <Shape><Polygon POINTS="946 1948 926 1948 905 1948 885 1948 864 1948 844 1946 823 1946 803 1946 782 1946 762 1946 741 1946 735 1944 84 1944 84 1991 82 2006 156 2020 158 2020 219 2010 234 2008 238 2010 250 2022 250 2024 252 2024 254 2024 256 2024 258 2024 285 2012 285 2010 373 2010 384 2014 408 2026 410 2026 412 2026 414 2026 416 2026 431 2016 435 2012 439 2016 449 2024 449 2026 451 2026 453 2026 456 2026 458 2026 495 2018 515 2012 529 2018 550 2026 552 2026 554 2026 616 2020 657 2016 667 2022 681 2028 684 2028 827 2030 829 2030 860 2026 924 2016 951 2028 957 1999 955 1948 946 1948"/></Shape>
	    <String CONTENT="At aciem ſtimuli pungentem calce retuſo"
                    HPOS="82"
                    VPOS="1944"
                    WIDTH="875"
                    HEIGHT="86"></String>
          </TextLine>

          
          
          <TextLine ID="eSc_line_92d92ab4"
                    TAGREFS="LT215"
                    BASELINE="868 2057 1207 2057" 
                    HPOS="868"
                    VPOS="1999"
                    WIDTH="339"
                    HEIGHT="85">
            <Shape><Polygon POINTS="1197 2036 1176 2010 1156 2008 1135 2006 1115 2010 1047 1999 1045 1999 1043 1999 1041 1999 1014 2018 992 2006 990 2006 988 2006 985 2006 955 2020 893 2010 891 2010 889 2010 887 2010 883 2010 868 2049 868 2057 868 2071 912 2084 914 2084 916 2084 918 2084 938 2073 940 2073 1205 2080 1207 2057 1207 2016 1197 2010 1197 2036"/></Shape>
	    <String CONTENT="n 2 Ore ſuo"
                    HPOS="868"
                    VPOS="1999"
                    WIDTH="339"
                    HEIGHT="85"></String>
          </TextLine>

          
        </TextBlock>
        
        <TextBlock HPOS="364"
                   VPOS="221"
                   WIDTH="254"
                   HEIGHT="49"
                   ID="eSc_textblock_cb9bfcd4"
                   TAGREFS="BT659">
          <Shape><Polygon POINTS="377 221 589 221 618 270 364 270"/></Shape>
          
        </TextBlock>
        
        <TextBlock HPOS="858"
                   VPOS="2012"
                   WIDTH="347"
                   HEIGHT="55"
                   ID="eSc_textblock_4eaf864f"
                   TAGREFS="BT656">
          <Shape><Polygon POINTS="1197 2012 1205 2067 887 2067 858 2034 858 2012"/></Shape>
          
        </TextBlock>
        

        
      </PrintSpace>
    </Page>
  </Layout>
</alto>
